1000001,2,1,7,5020200,,3,,kV{@{aAAqayy,@AA,,,kV{RzBaA^_Aaag疴JBzlijA{aqaAEytB,,,,,,,,s,,,,,,,,,sight/photo/mimon01C/C069.bmp
1000002,2,2,3,5020200,,3,1000089,itj@t,ij@,tiaj,@,"itjzB`FaaBwtFAwSanuBwT@awZtAkRtA]AttBJ\n\n\n\nFdo@\n\n@@@@@@soX@t@k10\n\n@@@@@@soX@tO@kT\n\nFscQ\n\n@@@@@@@oX14@2.500~\n\n@@@@@@@p40@800~",,,606,3,sst2,075-771-5725,075-771-5439,Bo,830,,1700,40,x,"qF\n\ni 3`11j8:30`17:00\n\n~i12` 2j9:00`16:30","@@@@@@Q@u[@@@@@@@@@@@@\n\nw@500~@@@100~\n\nZ@500~@@@100~\n\nw@300~@@@100~\n\nw@300~@@@100~\n\nw","E{EMtEHq\n\nR500~Or1000~v",sight/photo/mimon01C/C077.bmp
1000003,2,2,3,5020200,,3,1000089,tij@,ij@,,,"itjzBOlB`PWNiPSWUjRa\BA@ulAOvtBq\B\n\n\n\nFdo@\n\n@@@@@@soX203517n@t@k10\n\n@@@@@@soX32100n@tO@kT\n\nFscQ\n\n@@@@@@@oX14@2.500~\n\n@@@@@@@p40@800~",,,606,3,sst2,075-771-5725,075-771-5439,Bo,830,,1700,40,x,"qF\n\ni 3`11j8:30`17:00\n\n~i12` 2j9:00`16:30\n\n","@@@@@@Q@u[@@@@@@@@@@@@\n\nw@500~@@@100~\n\nZ@500~@@@100~\n\nw@300~@@@100~\n\nw@300~@@@100~\n\nw","E{EMtEHq\n\nR500~Or1000~v",sight/photo/mimon01C/C078.bmp
1000004,2,2,3,5020200,,3,1000047,@{,@,,,"]zBQaSAOELoAB12[g500NOgxAfRBcCa{B\n\n{\~quAB33NJKBNJ2000NBeVARnB\n\n\n\n",,,,,ssR294,075-551-1234,075-551-1287,ivj,,,,,,,,sv,sight/photo/mimon01D/D089.bmp
1000005,2,2,3,5020200,,3,1000181,R@@ij,@ij,R@R,@,ERqzBARNiPQQSjAHc@`BPwAZzAqtqaBnAxzJAQQNiPWWXjnB,,,,,,,,s,900,,1700,40,x,tIF16:30,"Bi6j9`\n\n@@@800~\n\n@R@500~@@@@\n\n\n\n\n\n\n\niwj600~\n\nCws@@400~\n\nlw@300~\n\n\n\nHi10`11jR\n\n@400~\n\nCwsAl@200~","cAv\\n\nir500~j\n\n",sight/photo/mimon01C/C005.bmp
1000006,2,2,3,5020200,,3,1000241,O\Oi@@j,ij,,,@@iO\OjRzdvB[AH{rBcTNiPUOOjALbGB,,,,,,,,,,,,,,,,,sight/photo/mimon01C/C002.bmp
1000007,2,2,3,5020200,,3,1000241,O\Oi@@jzn,ij,,,@@iO\OjRdvBZALycBA}BAcB,,,,,,,,,,,,,,,,,sight/photo/mimon01C/C001.bmp
1000008,2,2,3,5020200,,3,1000241,O\Oi@@j,ij,,,@@iO\OjqBtXcA{duBRDRTAw_A\O\OgzwBVWA@A_AOA_`sB,,,,,,,,,,,,,,,,,sight/photo/mimon01C/C004.bmp
1000020,2,2,3,5020200,,3,1000042,ij@,ij@,,,ijRzBPTNiVXUjnBPWNiPSWUjAcWNiPUORjLbGBlAalAVlzlRzDBJB,,,,,,,,s,,,,,,,,,sight/photo/mimon01D/D002.bmp
1000009,2,2,4,5020200,,3,1000241,O\Oi@@j,ij,,,@@iO\OjdvBqAXctBE\iKie\AvBPDUTOA\l\B,,,,,,,,,,,,,,,,,sight/photo/mimon01C/C003.bmp
1000010,2,2,3,5020200,,3,1000251,_ic_j{a@{a,ij@,,,_ic_juvBApgAEQ疴JBAvRNiPWURjB,,,,3,ss59,,,,630,,1700,30,,qGX,,,sight/photo/mimon01S/S001.bmp
1000011,2,2,3,5020200,,3,1000106,@kij,@ij,,,RzdvB{wRAaUNiPUQOjAsOi`BPQAAuAtBJB,,,,,,,,s,900,,1700,20,,tIF16:30,,,sight/photo/mimon01C/C011.bmp
1000012,2,2,3,5020200,,3,1000160,{ij{,ij,,,{ijqNiPQQVNjzBq\{sBOf\AwVBJc,,,,,,,,,,,,,,,,,sight/photo/mimon01C/C072.bmp
1000013,2,2,3,5020200,,3,1000158,@RiOj,@,,,"RzdvBiUNiPTQUjAAt@wiAVPVNiPTWXjxwtB{lzATOAOBitwjJiOqj\n\n\n\nFsoXO@kT\n\nFoX20@2000~\n\n@@@@@Ep40@2500~30100~@@@@@@@@@@@@@@PM8:00`AM8:00@100~",,,,,ssk,075-491-0019,075-491-0016,,,,,,,,,,sight/photo/mimon01D/D063.bmp
1000014,2,2,3,5020200,,3,1000150,o@a,@,,,"o]zdvBNi1673`1681jVcBSAGuOvuvug~vuvtBuO}vug~}vARyR\IiB\n\n\n\nz[y[W@https://www.daikakuji.or.jp/",,,,,,,,,900,,1700,,,tI16:30,"l@500~\n\nql@300~iEEj",,sight/photo/mimon01D/D021.bmp
1000015,2,2,3,5020200,,3,1000166,m@@,@,,,i18i1641jNzA@B35[gA25[gLl@`ARopB54~SAiAiAie12AhGBidvj,,,,,R400,,,,,,,,,J,,Kv,sight/photo/mimon01D/D093.bmp
1000016,2,2,3,5020200,,3,1000166,m@@,@,,,i18i1641jNBLAiAiARA7BhGLBeOA`nBnCidvj,,,,,R400,,,,,,,,,J,,Kv,sight/photo/mimon01D/D094.bmp
1000017,2,2,3,5020200,,3,1000236,@O,@,@O,@,"zBT@liljAalAliVljzlAT@@DBO]BJiR^PSAPTAPUAJBjAOAKdAA{AEKsKiRLB22]AKsFEBOA{LXA{d@A\ZuBzFM`B\n\nA}@M@{F@i15Ni1408j\n\n@@@@@W~4@@3/14`16J@\n\nmidjk/idjq/Zgidjq/idj/JRA@Aidj@]",,,,5,{15778,075-561-0087,075-533-0621,s,900,,1600,20,J,"3/14.15.16`21\n\n9:00`16:00\n\nqtI15:30","liZj@500~\n\nliEwj@300~",,sight/photo/mimon01D/D035.bmp
1000018,2,2,3,5020200,,3,1000236,@i,@,,,"zdvBTCsmgpBzAT@@``BSBBJ\n\nBsVASAdA{B\n\nwoB",,,,5,{15778,075-561-0087,075-533-0621,,,,,,,,,,sight/photo/mimon01D/D037.bmp
1000019,2,2,3,5020200,,3,1000236,@,@,,,"zdvBszByE|A~CBJ\n\nsRASAdAAwA{B",,,,5,{15778,075-561-0087,075-533-0621,,,,,,,,,,sight/photo/mimon01D/D038.bmp
1000021,2,2,3,5020200,,3,1000042,ij@d,ij,,,ij]zB55dAIalzBnAi21Ni1644jABJiN1`5jB,,,,,,,,s,,,,,,,,,sight/photo/mimon01D/D003.bmp
1000022,2,2,3,5020200,,3,1000042,ij@u,ij,,,ijzdvBVQNiWQTjA^{nAPWNiPSWUjARNiPSXPjBAO@tyE咒\BJB,,,,,,,,s,,,,,,,,,sight/photo/mimon01D/D004.bmp
1000023,2,2,3,5020200,,3,1000042,ij@@,ij@,,,ij]zdvBO@tCsA`dvAaPONiWSRjAbBKBikjijAuvA`uovBJB,,,,,,,,,,,,,,,J,,sight/photo/mimon01D/D006.bmp
1000024,2,2,3,5020200,,3,1000186,T@O,@,,,T]zdvBi5Ni1628jAwbi`BwVAwPOBuOOvAEquivLBJB,,,,,,,,s,,,,20,1228`1231,"3`118F40`17F00\n\nitI16F40j\n\n12`28F40`16F30\n\nitI16F10j","@@@@@l@c(30l)\n\nl@@@500~@400~\n\nZ@@400~@350~\n\nE@300~@250~",,sight/photo/mimon01D/D043.bmp
1000025,2,2,3,5020200,,3,1000186,T@,@,,,"TRzBBAcPUNiPUPPjAs@a`BuvOATH`u}vBJ\n\n\n\nFnS@R\n\n@@@@@@soXTEiO\n\nFoX15@Q@3000~\n\n@@@@@@@p@2@1,000~@@@",,,,,ssTn,,,,840,,1700,,"1228`1231\n\n","3`118F40`17F00\n\nitIF16:40j\n\n12`28F40`16F30\n\nitI16:10j","\n\n@@@@l@@c\n\nl@@500~@400~\n\nZ@400~@350~\n\nw@300~@250~\n\n30lc",,sight/photo/mimon01D/D044.bmp
1000026,2,2,3,5020200,,3,2000001,@a,@,,,"dvBaBlrAOBuOvuvuTlvuOqvFBJ\n\n",,,,,,,,,,,,,,,,,sight/photo/mimon01C/C064.bmp
1000027,2,2,3,5020200,,3,1000189,ma@,@,,,"RzBma{OuBccaAa\B\n\nlVVuAy}}F`B",,,,,,,,,,,,,,,,,sight/photo/mimon01D/D014.bmp
1000028,2,2,3,5020200,,3,1000189,ma@d,@,,,ma]zdvBi21i1644jBRUBdAwwewpIAi\BuvmaV{B,,,,,,,,,,,,,,,,,sight/photo/mimon01D/D011.bmp
1000029,2,2,3,5020200,,3,1000189,ma@,@,,,ma]zdvBNiPUSSjBalFAnICYB,,,,,,,,,,,,,,,,,sight/photo/mimon01D/D010.bmp
1000030,2,2,3,5020200,,3,1000189,ma@e,@,,,"maRzdvBccapB\n\nAO@tAF@cAma2MeuB21A@cO@t@viejsB",,,,,,,,,,,,,,,,,sight/photo/mimon01D/D012.bmp
1000031,2,2,3,5020200,,3,1000114,{@,@,,,{R\BkHlrAgBR\IAzYAuvB,,,,,,,,,,,,,x,"Rq\n\n",Kziuj,\sv,sight/photo/mimon01C/C089.bmp
1000032,2,2,3,5020200,,3,1000114,{@e,@,,,"{]zBeali^ejuAeBa3Ni1617jAi13Ni1636jBOwwAOwMkQqALB29A48Ck62\n\nfu^vzA9Ni1876Nj1128VcealtB\n\n\n\nFswsoX9.28.75nu{Ov\n\n@FoX30^p300i@vsKj\n\n@JF3`4E9`10i5:30`17:30j\n\n@@@@@@5`8@i5:30`18:00j\n\n@@@@@@11`2 i5:30`17:00j\n\n\n\n\n\n\n\n",,,,,,,,iGx[^[kaj,,,,,x,,Kiuj,\sv,sight/photo/mimon01C/C086.bmp
1000033,2,2,3,5020200,,3,1000198,@{a,@,,,"{advBWNiPSXXjB_z^A{aOquvlBqaqA\{atAa36N{aOAqatBR{B\n\n\n\n",,,,,,,,,,,,,,,,,sight/photo/mimon01C/C018.bmp
1000034,2,2,3,5020200,,3,1000198,@,@,,,"AdvB]AaAiPWNiPUSPjAA@ld锈KHqA@BAAt@AI@hyB\n\niJj",,,,,,,,,,,,,,,,,sight/photo/mimon01C/C019.bmp
1000035,2,2,3,5020200,,3,1000237,S@a,@,,,"S]zdvBVPPNiPTWRjAPONiPWQVjlzB_@EtuBQqc\n\n\n\ni15j",,,,,,,,,,,,,,,,,sight/photo/mimon01D/D049.bmp
1000036,2,2,3,5020200,,3,1000237,S@@,@,,,"S]zdvB3Ni1657jBZE@vVsA{dBawAiT@liljOBVTHM_}BJBVAqB\n\nFS@075-461-5226it9:10`16:40j",,,,,,,,ivtYj,910,,1640,30,{Rsixj,"KCh20B\n\n9:10`11:50A12:30A13:00`16:40i11`215:40j","@@@@@@@c\n\n           @    (30l)\n\nZ@500~@450~\n\nw@@@300~@270~\n\nl@@@@100~@100~\n\nc\n\nQAtY\n\nL16NSP",30v\idbj,sight/photo/mimon01D/D050.bmp
1000037,2,2,3,5020200,,3,1000237,S@O,@,,,SRzdvBRLBcSNiPTXXjBKERLtlzAwVAVQqBi618@9`10j,,,,,,,,s,900,,1000,,618i9`10jJ,,,,sight/photo/mimon01D/D047.bmp
1000038,2,2,3,5020200,,3,1000237,S@g,@,,,SRzdvBcPTNiPUPOjyAlrB,,,,,,,,,,,,,,,,,sight/photo/mimon01D/D048.bmp
1000039,2,2,3,5020200,,3,1000226,_@O,@,,,_dvBmAUNi1497jOBi\Ni1558`1570jBQNi1913jlgBLpB94NKCH19N1130vBlAp_AsEqeBOALAGlyBJ,,,,5,ssR_k125,075-561-6155,075-561-1126,,,,,,,,,,sight/photo/mimon01s/s069.bmp
1000040,2,2,3,5020200,,3,1000226,_@{a,@,,,"_]zdvBaARNiPUTSjjB__zlB\n\nCcCA{__aB14NS15{aJsAFL{avB\n\n\n\n\n\nEdu_lv@kT\n\nEsoXu_v@k\n\nE}duv@k10",,,,5,ssR_k125,075-561-6155,075-561-1126,as,900,,1600,,,@p50(L),"{aqi\j\n\n28N312`321isRHj\n\niA315A17A2013:00`16:00jiATqsj\n\nl@@@@500~\n\nw@300~",,sight/photo/mimon01s/s070.bmp
1000041,2,2,4,5020200,,3,1000246,,,,,op`SACioB^vFA_obCB,,,,,,,,s,,,,,,,,,sight/photo/mimon01C/C036.bmp
1000043,2,2,3,5020200,,3,1000056,m@,@,,,m19N(1487N)dvB@kzBcSNiPTXXj|iLj`BT@\Az@AARBJcAAuzVvBJ,,,,,RaHlS584n,,,,1000,,1600,,"419A20@q\n\n64A5\n\nN1228`31",,"l500~\n\n300~\n\nq",,sight/photo/mimon01C/C045.bmp
1000044,2,2,3,5020200,,3,1000061,@JR,@,,,RzdvBAkBGggpDVkgpVAnFlG`B,,,,,,,,,,,,,,,,,sight/photo/mimon01C/C053.bmp
1000067,2,2,3,5020200,,3,1000033,_i_j@a,ij@,,,_i_ji5Ni1628jdvBaOA_R_R~`ijB,,,,,,,,,,,,,,,,,sight/photo/mimon01D/D062.bmp
1000045,2,2,3,5020200,,3,1000061,@,@,,,RzdvBJRLLoRuBAhhAF{ABE~qGgkuAkB{d~qG{AGARH|pWB,,,,,,,,,,,,,,,,,sight/photo/mimon01C/C050.bmp
1000046,2,2,3,5020200,,3,1000061,@P,@,,,RzdvBRuBAJyLBVAJJTJAPBJB,,,,,,,,,,,,,,,,,sight/photo/mimon01C/C052.bmp
1000047,2,2,3,5020200,,3,1000061,@J,@,,,RzdvBRuBkAAPyLBKAJKA]BPB,,,,,,,,,,,,,,,,,sight/photo/mimon01C/C051.bmp
1000048,2,2,6,5020200,,3,1000125,_@,@,,,_H|iBPDSVAaWODRcmBuOvBgokLAPIAqsBJB,,,,,,,,s,,,,,,,J,,sight/photo/mimon01D/D019.bmp
1000049,2,2,4,5020200,,3,1000160,{ij@ZF,ij@,,,{ijqdvBRNiPQQSjtcAAgfBEE\EnEy泷E@ZBxveB^y泷B,,,,,,,,,,,,,,,,,sight/photo/mimon01C/C073.bmp
1000050,2,2,3,5020200,,3,1000144,O@a,@,,,"O]zdvBT@BJAE[BJ\n\nNR14`R16}JB",,,,,,,,{IoAiB,900,,1700,30,x,,,cOdbB,sight/photo/mimon01C/C079.bmp
1000051,2,2,4,5020200,,3,1000149,@@@y\F,@,,,O@]dvB{Z@SAg\FEzA@\Fyy}lqB\F\A]B,,,,,,,,,,,,,,,"{wiyyj\n\nq@l@500~\n\n@@@@@@w@300~",,sight/photo/mimon01C/C080.bmp
1000052,2,2,3,5020200,,3,1000158,@@,@,,,"]zdvBakBiPRNiPURUjctAqiB@VDBJiOqj\n\n\n\nFsoXO@kT\n\nFoX20@2000~\n\n@@@@@@Ep40@2500~30100~@@@@@@@@@@@@@@@PM8:00`AM8:00@100~",,,,,ssk,075-491-0019,075-491-0016,,,,,,,,,,sight/photo/mimon01D/D064.bmp
1000053,2,2,3,5020200,,3,1000152,@d,@,,,"VcAcqEVc6Ni936jHAcqEVcV5Ni951jBwE^c`A{GB38[g13[gAOA^BdwAw`wB\n\n{GAE^c]`B\IGBANmG]B^cCAC{AMdB\n\n29i228jAdJ[o@vAAoo[OqB",,,,,,,,,900,,1700,,x,"q@12j29F00`16F00\n\ntIF16F30iA12j15F30j\n\nOqN","qKv\n\nl@@@600~\n\n@@300~\n\nw",sv,sight/photo/mimon01C/C096.bmp
1000054,2,2,3,5020200,,3,1000152,@,@,,,"Vc4Ni926jnBAimANxBLbGgIBiaRjzvAGAc5Ni1600jBASAut@{B\n\nAtOiFt@AeFEFjBhqDBtOEAllVijzB",,,,,,,,,900,,1700,30,x,"qF12j29F00`16F00\n\ntIF16F30i12j215F30X","qKv\n\nl@@@@600~\n\n@@@300~\n\nw@",sv,sight/photo/mimon01C/C095.bmp
1000055,2,2,3,5020200,,3,1000153,O@@,@,,,@O@Ag}JigjBnAShel{B22N7A1NAspCB_ARC`B,,,,,,,,,900,,1700,,x,,iQwjq,\sv,sight/photo/mimon01C/C094.bmp
1000056,2,2,3,5020200,,3,1000236,@T,@,,,"kzdvBikBIAmAQTABATTjTBiAfj20`30l\TwBiv\j\n\n\n\njT6P\n\n\sv\n\n\n\nz[y[W@http://www.tofukuji.jp",,,,5,{15778,075-561-0087,075-533-0631,,,,,,,,,,sight/photo/mimon01D/D036.bmp
1000057,2,2,3,5020200,,3,1000042,ij@t,ij@@,,,ijkzBkA@BO@tZ[`BOAOO@tAt`sijuBsJB,,,,,,,,s,,,,,,,RQqiOwj,,sight/photo/mimon01D/D005.bmp
1000058,2,2,3,5020200,,3,1000042,ij@,ij@,,,ijRzdvBABAQWNiPWXTjJsPPOONLOAO\OzAcUNiPUOPjrBJB,,,,,,,,,,,,,,,,,sight/photo/mimon01D/D001.bmp
1000059,2,2,3,5020200,,3,1000114,{@_t,@,,,"tAtuOtvB\n\nnuuHv`OwOtzAOQrAMoBtEtEASAsKIaBupyB",,,,,,,,,,,,,,J,,,sight/photo/mimon01C/C088.bmp
1000060,2,2,3,5020200,,3,1000114,{@k\,@,,,"{RzB{\AV9Ni1581jnB\n\n@@kuk\B",,,,,,,,,,,,,,J,,,sight/photo/mimon01C/C087.bmp
1000061,2,2,3,5020200,,3,1000182,L_@,@@,,,L_RzB{alrBTn@zB\`A{BJcAqR,,,,,,,,,,,,,,,,,sight/photo/mimon01C/C015.bmp
1000062,2,2,4,5020200,,3,1000209,@@@@idj,@,,,"@@dvBQDQVA{uB~DeAlA@o`BduB\n\nJ\n\n\n\n\n\nFiqw@kT\n\n@@@@@soX@Q\n\n@@@@@soX@wO@T\n\nFoXT@\n\n@@@@@@p@25@",,,616-80,9,49,075-461-9428,075-463-7057,s,900,,1600,30,1230A31,tI@16F00,"@@@@@c@Q\n\nl@@500~ @400~ @300~\n\nw@500~@ 400~ @300~\n\n300~@ 300~\n\ni30cj",cA,sight/photo/mimon01C/C099.bmp
1000063,2,2,3,5020200,,3,1000218,@{a,@,,,zdvBiSNiPRXVjVPPNiPTSQjC{AAAzAuvlB]A_EB,,,,,,,,,,,,,,,"1,000~ilj",,sight/photo/mimon01C/C010.bmp
1000064,2,2,4,5020200,,3,1000011,y@@@,@,,,"y@dvBu{vuAHcO`BWVDUcmAAuvB\n\nqO\i10F00`16F30j",,,,,ss|c74,075-601-4168,075-601-4168,v,,,,,{qx~B,,,KOOdb\B,sight/photo/mimon01C/C025.bmp
1000065,2,2,3,5020200,,3,1000027,O@{,@,,,OqzdvBRJnBA{falzA{diqlBJ,,,,,,,,,,,,,,,,,sight/photo/mimon01C/C044.bmp
1000066,2,2,3,5020200,,3,1000033,_i_j@{a,ij@,,,_i_j]v3Ni1863jzlcBOAOA\wB27N40NUB,,,,,,,,,,,,,,,,,sight/photo/mimon01D/D061.bmp
4000015,3,4,1,5030400,,3,,_b,,,,cF\BQNoB_CW`AuGPvfBcu_SvpB,,,,,,,,,,,,,,,,,
1000068,2,2,3,5020200,,3,5000011,s@s{,@@,,,"dvB{zRFvAmzBPPWB\n\nkCvAB",,,,5,,,,,930,,1700,60,j(jxjx)ExL,"W9:30`18:00Aj`20:00\n\n(30O)",W,,sight/photo/mimon01C/C026.bmp
1000069,2,2,3,5020200,,3,5000011,s@s,@,,,sAaHdvBs{RFvmzB,,,,,,,,,930,,1700,60,j(jxjx)ExL,"W9:30`18:00Aj`20:00\n\n(30O)",W,,sight/photo/mimon01C/C027.bmp
1000070,2,2,5,5020200,,3,1000021,@@{nR},@,,,@RdvGBGA``BJBO@qaG`B,,,,,,,,,,,,,,,,,sight/photo/mimon01C/C054.bmp
1000071,2,2,4,5020200,,3,1000047,@\,@,,,"@dB\n\n@ijAlYijDB\n\nJ",,,,,,,,,,,,,,,,,sight/photo/mimon01D/D091.bmp
1000072,2,2,3,5020200,,3,1000075,n@@,@,,,n@]zdvBk@tAuvACUABnAAO@pBwnKL\B,,,,,,,,,,,,20,,,"q\n\n@@@@@@l@c\n\nl@@@@700~@@600~\n\nw@@@600~\n\nZ@@@500~\n\nEw@400~\n\n(wc)",,sight/photo/mimon01D/D046.bmp
1000073,2,2,4,5020200,,3,1000064,L@龛F兼i龛j,@ij,,,LBn{`BPBPQScmBEGAEjv兼v\BJca,,,,,,,,,,,,,,,,,sight/photo/mimon01C/C030.bmp
1000074,2,2,4,5020200,,3,1000046,O@@@em,@,,,"O@BO@y@uB@AEeF@AeFA@pA}pBM`BQqB\n\n\n\n\n\ncL\n\n\n\ntI17:00\n\n@q~G(12/8`2/28)9F00`17F00B\n\n@itI16:30j",,,,3,ss}@540,075-744-2531,075-744-2480,@阙`y@EL`@@HQpgCL,900,,1730,50,,,"@@@@@ci30j\n\nl@@700~@@@600~\n\nw@700~@@@600~@\n\nZ@400~@@@300~@\n\nw@400~@@@300~@\n\nl@@150~\n\n\n\n",@b\cFax,sight/photo/mimon01C/C020.bmp
1000076,2,2,4,5020200,,3,1000127,^@i^yj@@,ij@,,,"^yi^@jdvB{uAi}B11/5`15JB\n\n\n\nF^@OEO@k8\n\nFps",,,606-84,3,y^@82,075-771-0915,075-771-1823,,,,,,,,"1115{q\n\n9F00`16F00\n\nA14F00`15:00@@vf",,sight/photo/mimon01C/C024.bmp
1000077,2,2,5,5020200,,3,1000125,_@{F`,@,,,_qGBq{RAMM`BpAeCCiA`DBN5/1`5/5JB,,,,,,,,s,900,,1600,50,,,800~,,sight/photo/mimon01D/D017.bmp
1000078,2,2,4,5020200,,3,1000160,{ij@\q,ij@,,,{ijqdvBXODWcmAFAuBUAVNiPQPWAPXjAAEuI@cvnBJca,,,,,,,,,,,,,,,,,sight/photo/mimon01D/D097.bmp
1000079,2,2,5,5020200,,3,1000047,@nCDziGnj,@ij,,,"]dvGBflAWAf[B\n\npqDij}AgDij}OBjMdB\n\nJ\n\n\n\n",,,,,,,,,,,,,,,,,sight/photo/mimon01D/D090.bmp
1000080,2,2,4,5020200,,3,1000160,{ij@,ij@,,,{ijdvBPDVUAFBOA`B`^BJca,,,,,,,,,,,,,,,,,sight/photo/mimon01C/C075.bmp
1000081,2,2,4,5020200,,3,1000139,y@@,@,,,"yijkvB{uPUQcm{AuvBRlaNiXWTjAv{AA[ZDBIpIB8i11~jAtiSET)HiPOEPPjJB\n\n",,,,,,,,,,,,,,,,,sight/photo/mimon01D/D079.bmp
1000082,2,2,3,5020200,,3,1000158,@g,@,,,"RzdvBBccc`BJ\n\n\n\nFsoXO@kT\n\nFoX20@2000~\n\n@@@@@@Ep40@2500~30100~@@@@@@@@@@@@@@@PM8:00`AM8:00@100~",,,,,ssk52,075-491-0019,075-491-0016,,,,,,,,,,sight/photo/mimon01D/D065.bmp
1000083,2,2,3,5020200,,3,1000150,o@Qa,@,,,"odvRl@BakuA12AuvuRvOBRynnMB^iAF@c@ATuuvB\{GuGvL\n\n\n\nz[y[W@https://www.daikakuji.or.jp/",,,,,,,,,900,,1700,,,tI16:30,"l@500~\n\nql@300~iEEj",,sight/photo/mimon01D/D023.bmp
1000084,2,2,4,5020200,,3,1000050,n@V,@,,,nBAEgAs]kpBinRaqj,,,,,,,,,,,,,,,,,sight/photo/mimon01C/C028.bmp
1000085,2,2,3,5020200,,3,1000152,@{qa,@,,,{qaAQa@CiiBRJORij\BJEt_qB,,,,,,,,s,900,,1600,,x,"R9F00`16F00i12j29F00`15F00jA17F00R\n\nA1\n\n","qKv\n\nl@@600~\n\nw@600~\n\n@300~\n\nw@",sv,sight/photo/mimon01C/C097.bmp
1000086,2,2,5,5020200,,3,1000175,V@@,@,,,SV@R`]dvGBGTUAGPUPTQARyARqM`B\bARlB^{nF|}B,,,,,,,,,,,,,,q,,,sight/photo/mimon01D/D056.bmp
1000087,2,2,4,5020200,,3,1000236,@V,@,,,"qdvBrU|{\ij`ij`BOuB^`BJ\n\n炬aLB\n\n",,,,,,,,,,,,,,,,,sight/photo/mimon01D/D039.bmp
1000088,2,2,4,5020200,,3,1000042,ij@,ij@,,,ijBu@Sq@FuBBsA~OijAR涠ijAABJ,,,,,,,,s,,,,,,,,,sight/photo/mimon01D/D007.bmp
1000089,2,2,3,5020200,,3,2000001,@{E,@,,,idvBiRNiPUQUjc{VWNiPVWWjVBcEBJ@,,,,,,,,,,,,,,,,,sight/photo/mimon01C/C065.bmp
1000090,2,2,3,5020200,,3,2000001,@{aa,@,,,s]zAzdvBA@AaAyV4{aAaKAKAOKBJ,,,,,,,,,,,,,,,,,sight/photo/mimon01C/C059.bmp
1000091,2,2,4,5020200,,3,1000187,@i{j@,ij,@,,"@qdvB{~quAE@A@BEADhAB\n\n\n\n{CHAqBi27N2`28N9jqB",,,,,,,,,900,,1630,20,,,"@500~\n\nci30j300~\n\nw@",sv,sight/photo/mimon01C/C012.bmp
1000092,2,2,3,5020200,,3,1000033,_i_j@a,ij@,,,_i_j]B{aAvRNiPWURjOBa{a_VJaAxi{aB27N40NUB,,,,,,,,,,,,,,,,,sight/photo/mimon01E/E060.bmp
1000106,2,2,3,5020200,,3,1000224,@@@,@,,,@@RzB60ByEE~AVgIoBLbGgm{s`BJiqJLj,,,,,,,,,,,,,,,,,sight/photo/mimon01C/C047.bmp
1000093,2,2,3,5020200,,3,1000189,ma@f,@,,,ma]zdvBLE@BmaO`BInzRrAiz@B,,,,,,,,,,,,,,,,O\Kv,sight/photo/mimon01D/D016.bmp
1000094,2,2,3,5020200,,3,1000189,ma@,@,,,ma]zdvBiVc`lE{BkB,,,,,,,,,,,,,,,,O\Kv,sight/photo/mimon01D/D015.bmp
1000095,2,2,3,5020200,,3,1000114,"{ ",@,,,"{]zB{@uA{BekuAPwAA{A25A42Ak45Be]^@T^B\n\n@A]10Ni1760Nj12NB\n\n\n\nFswsoX9A28A75nu{Ov\n\n@FoX30/p300\n\n@@@@@@@i@vsKj\n\n@JF3`4E9`10i5F30`17F30j\n\n@@@@@@5`8i5F30`18F00j\n\n@@@@@@11`2i5F30`17F00j",,,,,,,,iGx[^[kaj,,,,,x,,Kiuj,\sv,sight/photo/mimon01C/C085.bmp
1000096,2,2,3,5020200,,3,1000203,_{@Vi_j,@ij,,,_{dvB_wOAOhBJ,,,,,,,,,,,,,,,,,sight/photo/mimon01C/C007.bmp
1000097,2,2,3,5020200,,3,1000203,_{@a,@,,,_{dvBV^kA{aB30A[F涕ijuB@aaBOEuvuEkvzuAhdBJ,,,,,,,,,,,,,,,,,sight/photo/mimon01C/C006.bmp
1000098,2,2,4,5020200,,3,1000209,@@@~q\,@,,,"@@qdvBUXDQcmA{uBl{B@H|BJc{\n\n\n\n\n\nFiq@kT\n\n@@@@@soX@Q\n\n@@@@@soX@wOT\n\nFoX@T@@\n\n@@@@@@p@25",,,616-80,9,49,075-461-9428,075-463-7057,s,900,,1600,30,1230A31,t@16F00,"@@@@@c@Q\n\nl@@500~ @400~ @300~\n\nw@500~@ 400~ @300~\n\n300~@ 300~\n\ni30cj",cAB,sight/photo/mimon01C/C100.bmp
1000099,2,2,5,5020200,,3,1000182,L_@{FL_},@,,,L_RdvGBL_L_`VMZoBBJciLj,,,,,,,,,,,,,,,,,sight/photo/mimon01C/C083.bmp
1000100,2,2,3,5020200,,3,1000206,@E@,@,,,"@EzBNysA@vzeenT^IzBwA`CtAdzBIuAzAOAyB\n\n@wA@Vlidj`A@ASA{GjMdBA\VU{{py^b`Rz`BOidjAlVE咒oidjFAxAeV`B\n\nJ",,,,,,,,,,,,,,,,,sight/photo/mimon01C/C022.bmp
1000102,2,2,3,5020200,,3,1000219,@@@,@,,,@]zdvBA@i{jk@BLddBeAxmBBA\@IABijAB,,,,,,,,,,,,,,,,,sight/photo/mimon01C/C092.bmp
1000103,2,2,4,5020200,,3,1000218,@_j_,@,,,"dvBQB_{_iBJc_\n\n21_JB",,,,,,,,,,,,,,,,,sight/photo/mimon01C/C009.bmp
1000104,2,2,4,5020200,,3,1000218,@__,@,,,dvBj_{_iBJc_,,,,,,,,,,,,,,,,,sight/photo/mimon01C/C008.bmp
1000105,2,2,3,5020200,,3,1000224,@@@@,@,,,@@]zdvBVc{@a`BEGh`ARFBJiqJLjB,,,,,,,,,,,,,,,,,sight/photo/mimon01C/C048.bmp
1000107,2,2,3,5020200,,3,1000237,S@,@,,,S]zdvBV15Ni1587jAQNi1656jBqGfA@aGPAuqCvBCB@_J,,,,,,,,s,910,,1640,30,Nx,wvF@q30@KCh20B9:10`11:50A12:30A13:00`16:40i11`215:40j,"@@@@@@@c\n\n           @    (30l)\n\nZ@500~@450~\n\nw@@@300~@270~\n\nl@@@@100~@100~\n\nc\n\nQAtY\n\niq@j",,sight/photo/mimon01D/D054.bmp
1000108,2,2,5,5020200,,3,1000229,{@@nF},@,{@@}@q}G,@@,"{@]dvGBU@BMPQGA{BU@BG}Aq}Ag脐i}WBJc{\n\n}G`AEpg@B\B",,,,,,,,s,900,,1600,30,1231A1A5A9e21,,,,sight/photo/mimon01C/C056.bmp
1000109,2,2,4,5020200,,3,1000245,Zc@t@,@,,,ZcdvBA@骀驽A玩AE{ijBAAdBqOdbAe`wAnKL\KvB,,,,,,,,,900,,1600,20,1228`31,,"l500~(Z)\n\nw300~\n\nw100~\n\n",,sight/photo/mimon01C/C021.bmp
1000110,2,2,5,5020200,,3,1000125,_@{F`d,@,,,_qGBjEdB`MM`BpABii`BN@5/1`5/5JB,,,,,,,,s,900,,1600,50,,,800~,,sight/photo/mimon01D/D018.bmp
1000111,2,2,6,5020200,,3,1000101,t@@,@,,,St@RdvH|iBUOcmACGX\AO}lAPTVViVTjNuvB,,,,,,,,,,,,,,,,,sight/photo/mimon01D/D057.bmp
1000112,2,2,6,5020200,,3,1000160,{ij@,ij@,,,{ijdvH|iB^V]B,,,,,,,,,,,,,,,,,sight/photo/mimon01C/C076.bmp
1000113,2,2,4,5020200,,3,1000139,y@@e,@,,,yi3N621jB{ABO@AZOAeEFXijqSuBAAAdxAlBtiSETjHiPOEPPjJB,,,,,,,,,,,,,,,,,sight/photo/mimon01D/D098.bmp
1000114,2,2,4,5020200,,3,1000139,y@\q,@,,,"ydvB{{@euABxOijij^R\iB^xOijBtiSETjHiPOEPPjJB\n\n\n\nuvuvB",,,,,,,,,,,,,,,,,sight/photo/mimon01D/D083.bmp
1000115,2,2,5,5020200,,3,1000139,y@{FZON,@,,,"ydvGBAB\n\nJ",,,,,,,,,,,,,,,,,sight/photo/mimon01D/D072.bmp
1000116,2,2,4,5020200,,3,1000139,y@骐V,@,,,ydvBBtiSETjHiPOEPPjJB,,,,,,,,,,,,,,,,,sight/photo/mimon01D/D080.bmp
1000117,2,2,4,5020200,,3,1000139,y@nF,@,,,yqdvB{WBJc{,,,,,,,,,,,,,,,,,sight/photo/mimon01D/D081.bmp
1000118,2,2,4,5020200,,3,1000139,y@FR,@,,,ydvB{{@euABtiSETjHiPOEPPjJB,,,,,,,,,,,,,,,,,sight/photo/mimon01D/D077.bmp
1000119,2,2,4,5020200,,3,1000139,y@FR,@,,,ydvB{{@euABtiSETjHiPOEPPjJB,,,,,,,,,,,,,,,,,sight/photo/mimon01D/D082.bmp
1000120,2,2,4,5020200,,3,1000139,y@lV,@,,,ydvBB^VBtiSETjHiPOEPPjJB,,,,,,,,,,,,,,,,,sight/photo/mimon01D/D076.bmp
4000016,3,4,1,5030400,,3,,sliF,,,,WN22slERBlEGFoLAsbt\FB18wB,,,,,,,,,,,,,,,,,
1000121,2,2,5,5020200,,3,1000150,o@,@,,,"odvBR}iiMjBaO}Ag~}BQa}AR}亨R\ARyMBQaiR}]nnMBA}A|}B^g~}iRyMjB\n\n\n\nz[y[W@https://www.daikakuji.or.jp/",,,,,,,,,900,,1700,,,tI16:30,"l@500~\n\nql@300~iEEj",,
1000122,2,2,3,5020200,,3,1000152,@t,@,,,tuA850NBSC`B体F__{aAFA{O瀵BAㄢJt@12i2000jN筱@ij{JAAt{A24i2012jNVJB,,,,,,,,s,,,,,,"E1\n\nER9F00`16F00i12j29F00`15F00j17F00R","qKv\n\n@@@@@@@c@\n\nl@@@600~@@400~\n\nw@@600~@@400~\n\n@@300~@@200~\n\nw@@@\n\n30lc",,sight/photo/mimon01C/C098.bmp
1000123,2,2,3,5020200,,3,1000153,O@@\@,@,,,\@A@AaAQalj[NzAiEiEiBiugvA\BiAiiiA\yuB,,,,,,,,s,900,,1700,30,x,"q9:00`17:00i121j29:00`16:00j\n\ntI16:30i121j215:30j","O@qKvB\n\nO@AAA@@@\n\n@@@@@c@@\n\nl@@600~@400~@@@\n\nw@600~@400~@@@\n\nZ@300~@200~@@@\n\nw@300~@200~@@\n\nl@@@ ",\sv,sight/photo/mimon01D/D085.bmp
1000124,2,2,3,5020200,,3,1000153,O@@,@,,,"tGgRzBGEgtA{Elc`B\n\n\n\nyJz",,,,,,,,s,900,,1700,30,x,"q9:00`17:00i121j29:00`16:00j\n\ntI16:30i121j215:30j","O@qKvB\n\nO@AAA\n\n@@@@@c@@\n\nl@@600~@400~@@@\n\nw@600~@400~@@@\n\nZ@300~@200~@@@\n\nw@300~@200~@@\n\nl@@@ ",\sv,sight/photo/mimon01D/D084.bmp
1000125,2,2,3,5020200,,3,2000001,@ay,@,,,]BOqTgA{BtaAOBJ@,,,,,,,,,,,,,,,,,sight/photo/mimon01C/C062.bmp
1000126,2,2,3,5020200,,3,2000001,@a,@,,,]dvBVBoABJ,,,,,,,,,,,,,,,,,sight/photo/mimon01C/C067.bmp
1000127,2,2,3,5020200,,3,2000001,@yij,@ij,,,]dvBARcB{[NvBJ,,,,,,,,,,,,,,,,,sight/photo/mimon01C/C068.bmp
1000128,2,2,6,5020200,,3,1000182,L_@S饽,@,,,L_RdvH|iBL_pA@@`AL_[BWBHV^YvBJciLjB,,,,,,,,,,,,,,,,,sight/photo/mimon01C/C084.bmp
1000129,2,2,3,5020200,,3,1000219,@@@ij,@ij,,,@]zdvBsOB@tBBlGXlXFfjBJcBv\BAr1.000~B,,,,,,,,,,,,,,,,,sight/photo/mimon01C/C093.bmp
1000130,2,2,4,5020200,,3,1000206,@E@@,@,,,@EAuB@P{lT^IDAAApd@VwBZAiijAeA~L\BJcw,,,,,,,,,,,,,,,,,sight/photo/mimon01C/C023.bmp
1000131,2,2,3,5020200,,3,200001,@{ayV,@,,,{aaAs]zAzdvB{akBoAB^VBJB,,,,,,,,,,,,,,,,,sight/photo/mimon01C/C061.bmp
1000132,2,2,5,5020200,,3,1000139,y@{FN,@,,,ydvGBMM`AAsBJB,,,,,,,,,,,,,,,,,sight/photo/mimon01D/D074.bmp
1000133,2,2,5,5020200,,3,1000225,@@,@,,,"@RdvGB}}Jh\iB\n\nAWiAWjB\n\n",,,,,,,,s,1000,,1600,30,"12yj\n\n1226`15\n\nsxL","KChB\n\nwv30",qqr300~x,dbEe`wO\,sight/photo/mimon01C/C041.bmp
1000134,2,2,5,5020200,,3,1000168,q@@,@,,,q@RGBWBJ`u╁}vAu}vAu}vAuH}vR\BnF`亨B^u{nF╁ye}v,,,,,,,,P,900,,1630,20,1229`31,"w\n\ntIF16:00","l@@@500~\n\nE@300~\n\nw@@200~\n\n\n\n@\n\nc20@50~",,sight/photo/mimon01C/C081.bmp
1000135,2,2,4,5020200,,3,1000150,o@,@,,,"o{Bt~idjAuB{ijiA~OAsAR涠AjAa50NlvtB^sB\n\ndAgB\n\nz[y[W@https://www.daikakuji.or.jp/",,,,,,,,,900,,1700,,,"tGAHGWq\n\n16:30tI","l@500~\n\nql@300~iEEj\n\nW@500~",,sight/photo/mimon01D/D034.bmp
1000136,2,2,3,5020203,,3,1000219,@@@,@,,,"@]zdvB{B{@BZ\qA^ijCeEZBBCj{jIAB@OdtAcB\n\n",,,,,,,,,,,,,,,,,
1000137,2,2,4,5020204,,3,1000287,@nF,@,,,"852NA焘()RZnBR[gg`BNN`tB\n\nARn()ARnAlm{nB",,,,,,,,,,,,,,,,,
1000138,2,2,3,5020203,,3,1000287,@ElNe{,@E,,,"k筲B\n\nlNemVc(810`850)l{lBi@tBnWlNeAZkqq{Aeglm{BAmBBi@tBWAlNAc_lNe{vB",,,,,,,,,,,,,,,,,
1000139,2,2,3,5020203,,3,1000287,@Zp,@,,,"Zp]RnuBZnZnAVcMAE@tAaUAsHSAyvFAXZZpu(1157N)B\n\n\n\n",,,,,,,,,,,,,,,,,
1000140,2,2,1,5020201,,3,1000287,@,@,,,^ngBgAulNZgA@@@B@B@vAlqzB,,,,,,,,,,,,,,,,,
1000141,2,2,1,5020201,,3,1000287,@,@,,,^EQqlXAqvluB,,,,,,,,,,,,,,,,,
1000143,2,2,4,5020204,5,3,1000082,@@,@,,,{{d~qu{Aqt^cB@O@e`]AdvB@SNOxAnBAuAA@]BAA@AqBqAsBsAAY~ABvB,,,,,,,,,,,,,,,,,
1000144,2,2,4,5020204,5,3,1000082,@F,@,,,{ewuAAdvB\AA^l\FB@@BO~MB,,,,,,,,,,,,,,,,,
1000145,2,2,4,5020204,5,3,1000082,@,@,,,{ewuAqchAtBqAO疳AJAZ\e@|BlO{AlXqB,,,,,,,,,,,,,,,,,
1000170,2,2,3,5020200,14,3,1000385,@{FVslG,@,,,dvBpH|iiG^GjBqBw1682B4B@BJB,,,600-81,6,Z{586,075-361-2773,075-361-2773,,,,,,,@AqJBQq]v\B,,dbB,
1000146,2,2,3,5020203,5,3,1000082,@{,@,,,\\ONiZZjRjgj@iBsAslAsOBwAlVt@[tl{d~qBewOwA^@@{_FBuRhSvzfB,,,,,,,,,,,,,,,,,sight/photo/mimon01s/s002.bmp
1000147,2,2,3,5020203,5,3,1000082,@qa,@,,,{A{ZnLBc{A]OzBHAmgpBOAOAOAcaNOxuS@mvDfB,,,,,,,,,,,,,,,,,sight/photo/mimon01s/s003.bmp
1000148,2,2,3,5020203,5,3,1000082,@\,@,,,A{\\ONiZZjcA\cAMdB,,,,,,,,,,,,,,,,,
1000149,2,2,5,5020205,11,3,1000123,_,,,,"_{Bf_u_vA@@赦JXBNZX|[cS_LmASBuvenQqlB\n\nS14itGjVVi_jRf`pRfA[B\n\nA_u[_vA|\EwF[[B",,,,,,075-441-3810,,,,,,,,qQq,,,
1000150,2,2,2,5020200,3,3,,@@\,@,,,dvBpH|iijBw797B{BB10IBB1.6[gAEArA徕AdxB|g`AOmBwEB{iqjB]B^@qRhB,,,606-00,,q}1035,075-711-2014,,,,1700,,,,,,,sight/photo/mimon01s/s004.bmp
1000151,2,2,2,5020200,13,3,1000009,{@@,@,|@,,"@t@tAlAhBu|@ijvAZAy@RThB\n\n\n\n@}s w@k7\n\n@soXoX@l@k5\n\n@n\n\n@swO 205A5\n\n\n\n@KAyHtLB",,,604-,,Vtp511,075-221-4850,075-221-4822,qz[Gx[^[BOdbBRX[vEVpq2K{B,1000,1600,1600,10,dbB,J,Kv300~,"dbEFAX\n\n075-221-4850",sight/photo/mimon01s/s005.bmp
1000152,2,2,2,5020200,11,3,,J@@,@,wV,,"dvBpH|iijBBw786BuBO@t\QB{VAuwVveABuavAgB~}16NRsswB^@OhB\n\n\n\n@soXoX@o@k5\n\n@n\n\n@swO 201A206\n\n@}l{ 201A206\n\n\n\n@",,,602-84,,qb@V9-3,075-441-8678,075-441-8211,_^~iAOA`B,900,1630,1700,25,,sqBAsodbfB,"\n\nq500~","qOdbAAwAB\n\n\n\ne`w@075-441-8211",sight/photo/mimon01s/s006.bmp
1000153,2,2,3,5020200,11,3,1000039,kV{@kV_NG,@,v{,,"BpH|iiGjB1219Niv1jBw101BaB^UkV{nRAMI`B\n\n\n\n@k k~w@k10\n\n@soXoX@kV{O@k1\n\n@n\n\n@swO 50A101\n\n@l 10A203\n\n\n\n@^oX50@\n\n@p300@i9:00`17:00j\n\n@AA25",,,602-83,,OHn,075-461-0005,075-461-6556,QKiX[vLBOegpgCLB,900,1600,1600,20,,a25A~EJA4/10`5/30A12/1A1/1J,"a\n\nl@@@300~\n\nE@250~\n\nl@@@150~",30AJOtAv\B,sight/photo/mimon01s/s007.bmp
1000183,2,2,5,5020200,15,3,1000189,ma@S,@,,,"BpH|iijBBw140B^@h{RB\n\n\n\nImOgN(912`995)i2N(984)E{qp{BP_AwMdB",,,616-80,8,E33,075-461-1155,075-464-4070,ivj,900,1550,1700,20,41`54jy101`1123Ox,It@16:30,"l@@500~\n\n@300~\n\nwij",,sight/photo/mimon01s/s037.bmp
1000155,2,2,2,5020200,18,3,1000081,F@{Ft,@,,,"dvBpH|iiGjBkBw794BPinjBJB\n\n\n\n@soX63 OO@k1\n\n@soX73 swO@k1\n\n@soXoX@@k10\n\n@n\n\n@lG 29\n\n\n\n@",,,615-82,,_J56,075-391-3631,,s,,,,60,,wQqAAnKLMmB,QqF3000~,tQq]AlA\ZAL\B]TOKB,
1000156,2,2,2,5020200,8,3,,O@nF,@,n,,"@qiVc{jDAAYnMBy@R[hB\n\n\n\n@nS Rw@k8\n\n@soXoX@RE@k3\n\n@n\n\n@lG 201A203\n\n@swO 206\n\n\n\n@hMkpAfB",,,606-83,,mVq463,075-771-8749,075-771-8749,,,,,,,qB,,,sight/photo/mimon01s/s010.bmp
1000158,2,2,2,5020200,12,3,1000104,@{F\Z},@,\Z},,"dvBpH|iiGjBBw551BMMB@h{RB\n\n\n\n@nSG@ow3o@k8\n\n@soXoX@uO@k6\n\n@n\n\n@l 201\n\n@OO 59\n\n\n\n@10xB^oXi5xj",,,602-08,,oGO701,075-231-0301,075-212-3591,iAq|jBoAt[BgCBgY1q,1000,1600,1700,60,"\n\niWANNnx)",qt16F30,"@@@@@@@800~\n\n@@@wE65600~\n\n@@@E@@@@300~\n\n@@@w@@@@@200~\n\ngY1livj\n\n20100~\n\n",cv\idbj,sight/photo/mimon01s/s012.bmp
1000159,2,2,3,5020200,12,3,1000104,@{F},@,},,"dvBpH|iiGjBBw552BMB@h{RB\n\n\n\n@nSG@ow3o@k8\n\n@soXoX@uO@k6\n\n@n\n\n@l 201\n\n@OO 59\n\n\n\n@10xB^oXi5xj",,,602-08,,oGO701,075-231-0301,075-212-3591,iAq|jBoAt[BgCBgY1q,1000,1600,1700,60,"\n\niWANNnx)",qt16F30,"@@@@@@@800~\n\n@@@wE65600~\n\n@@@E@@@@300~\n\n@@@w@@@@@200~\n\ngY1livj\n\n20100~\n\n",cv\,sight/photo/mimon01s/s013.bmp
1000160,2,2,3,5020200,12,3,1000104,@{nWP},@,P|},,"dvBpH|iiGjBBw1355BMB@h{RB\n\n\n\n@nSG@ow3o@k8\n\n@soXoX@uO@k6\n\n@n\n\n@l 201\n\n@OO 59\n\n\n\n@10xB^oXi5xj",,,602-08,,oGO701,075-231-0301,075-212-3591,iAq|jBoAt[BgCBgY1q,1000,1600,1700,60,"\n\niWANNnx)",qt16F30,"@@@@@@@800~\n\n@@@wE65600~\n\n@@@E@@@@300~\n\n@@@w@@@@@200~\n\ngY1livj\n\n20100~",cv\(db),sight/photo/mimon01s/s014.bmp
1000161,2,2,3,5020200,12,3,1000104,@{n|嗨},@,|嗨},,"dvBpH|iiGjBRBw554BJMB@h{RB\n\n\n\n@nSG@ow3o@k8\n\n@soXoX@uO@k6\n\n@n\n\n@l 201\n\n@OO 59\n\n\n\n@10xB^oXi5xj",,,602-08,,oGO701,075-231-0301,075-212-3591,iAq|jBoAt[BgCBgY1q,1000,1600,1700,60,"\n\niWANNnx)",qt16F30,"@@@@@@@800~\n\n@@@wE65600~\n\n@@@E@@@@300~\n\n@@@w@@@@@200~\n\ngY1livj\n\n20100~\n\n",cv\(db),sight/photo/mimon01s/s015.bmp
1000169,2,2,2,5020200,10,3,5000011,s@_ll,@,ll,,"tX_iB1880NBAAlnsB_vAMdB\n\n\n\n\n\n",,,605-09,5,R527,075-525-2473,075-531-0263,,930,1700,1700,60,jijxjxjExL,"W9:30`18:00Aj`20:00\n\ni30Oj",W,,sight/photo/mimon01s/s023.bmp
1000162,2,2,3,5020200,12,3,1000104,@{nR},@,RsR},,"dvBpH|iiGjBBw553BC^LB@h{RB\n\n\n\n@nSG@ow3o@k8\n\n@soXoX@uO@k6\n\n@n\n\n@l 201\n\n@OO 59\n\n\n\n@10xB^oXi5xj",,,602-08,,oGO701,075-231-0301,075-212-3591,iAq|jBoAt[BgCBgY1q,1000,1600,1700,60,"\n\niWANNnx)",qt16F30,"@@@@@@@800~\n\n@@@wE65600~\n\n@@@E@@@@300~\n\n@@@w@@@@@200~\n\ngY1livj\n\n20100~",cv\(db),sight/photo/mimon01s/s016.bmp
1000163,2,2,3,5020200,12,3,1000104,@wcn,@,^y,,"BpH|iijB1279NiO2jBw27B@h{RB\n\n\n\n@nSG@ow3o@k8\n\n@soXoX@uO@k6\n\n@n\n\n@l 201\n\n@OO 59\n\n\n\n@10xB^oXi5xj",,,602-08,,oGO701,075-231-0301,075-212-3591,iAq|jBoAt[BgCBgY1q,1000,1600,1700,60,"\n\n(WANNnx)",qt16F30,"@@@@@@@800~\n\n@@@wE65600~\n\n@@@E@@@@300~\n\n@@@w@@@@@200~\n\ngY1livj\n\n20100~\n\n",cv\(dbj,sight/photo/mimon01s/s017.bmp
1000164,2,2,2,5020200,13,3,,V@nF,@,n,,"n{A1230Ni2jeRp`AzZnB1863Niv3jYQm{B@ihB\n\n\n\n@}s {w@k9\n\n@R{ l{w@k9\n\n@soXoX@p@k3",,,604-88,,pz48,075-811-6569,075-801-8287,,,,,,,JAqvB,u[@300~,qdbv,sight/photo/mimon01s/s018.bmp
1000165,2,2,2,5020200,13,3,,Pz@@@,@@,,,"AAgA800NOqB\n\n1.6mA70cmRwwA90cmAdAIXB\n\nAr`AyvB800NOAn}l@iVcZjAysB\n\n\n\nz[y[WiTCgjhttp://zensoji.or.jp/\n\n[AhX@info@zensoji.or.jp\n\n\n\n\n\n@}s {w@k5@R{@l{w@k5@nS Ow@k8 soX@l{@k5@nswO 26A28\n\n@",,,604-83,,Zp{O{240,075-841-1658,,qAnB,1000,1600,1700,15,,oniYjDnigjuvLB500~,"KS~B\n\n\svABzz",,sight/photo/mimon01s/s019.bmp
1000166,2,2,2,5020200,13,3,,Pz@nF,@,Dn@n,@,"{n1200NOA`tltOi{jAtS{BnV15N(1587)323ARZEPzR}BDnAonBnFAYAnoADwunvAAcA}aMcAADuDnvB\n\n\n\nz[y[WiTCgjhttp://zensoji.or.jp/\n\n[AhX@info@zensoji.or.jp\n\n\n\n@}s {w@k5@R{@l{w@k5@nS Ow@k8 soX@l{@k5@nswO 26A28\n\n@",,,604-83,,Zp{O{240,075-841-1658,,qAnB,900,1600,1700,30,,oniYjDnigjuvLB500~,"KS~B\n\n\svABzzB",,sight/photo/mimon01s/s020.bmp
1000168,2,2,2,5020200,10,3,1000027,O@,@,,,"dvBpH|iijBqBw986BsB\n\n\n\n\n\nWB",,,605-09,5,R527,075-525-2473,075-531-0263,,930,1700,1700,60,jijxjxjExL,"W9F30`18F00Aj`20F00i30Oj\n\nO@TEL:075-865-1231\n\nhttp://www.otagiji.org",W,,
4000020,3,4,1,5030400,,3,,t,,,,ORIvBa31N\B{ItBmMNmS`iB,,,,,,,,,,,,,,,,,
1000171,2,2,2,5020200,10,3,5000011,_@l,@@,,,"BpH|iiljBw27BsB_1613Nic18joyANN\{Lc58.8Z`A5.9Z`A0.4Z`BNN677NiVVc6jBlqqAVdYAKBB\n\n\n\n\n\nWB",,,605-09,5,R527,075-525-2473,075-531-0263,,930,1700,1700,60,jijxjxjExL,"W9F30`18F00Aj`20F00\n\ni30Oj\n\n_@TEL:075-722-1486\n\n",W,,
1000172,2,2,2,5020200,16,3,1000209,n@@nF,@,,,dvBpH|iijBw898BijBZB@@B@BZnAnlMAKXzq\B2310301130MW@vBnllB,,,616-80,8,E49,075-461-9428,075-463-7057,s,900,,1600,,1230A31,"AF075-461-9428i@@j\n\n23@vi10F30`11F30j\n\nv\",500~,\q\,
1000173,2,2,3,5020200,10,3,5000011,@@{FO,@,,,"i24NwjBpH|iiGjBvBw549By@BsB\n\n\n\nWB",,,605-09,5,R527,075-525-2473,075-531-0263,,930,1700,1700,60,jijxjxjExL,"W9F30`18F00Aj`20F00i30Oj\n\n@@TEL:075-231-2550\n\n",W,,
1000174,2,2,3,5020200,10,3,5000011,@@{FsN,@,,,"dvBpH|iiGjBBw548By@BsB\n\n\n\nWB",,,605-09,5,R527,075-525-2473,075-531-0263,,930,1700,1700,60,jijxjxjExL,"W9F30`18F00Aj`20F00i30Oj@@TEL:075-231-2550\n\n",W,,
1000175,2,2,3,5020200,7,3,1000127,^y@{FF,@,,,dvBpH|iiGjBvBw737BV@BsBJ\B,,,606-84,3,y^@82,075-771-0915,075-771-1823,,900,1600,1600,40,x,,,,
1000176,2,2,3,5020200,7,3,1000127,^y@{F^@N,@,,,dvBpH|iiGjB1524Nii4jBw936BV@B{sBN725s{JB,,,606-84,3,y^@82,075-771-0915,075-771-1823,,,1500,,,,,,,
1000177,2,2,5,5020200,7,3,1000127,^y@@o,@,,,BpH|iijB1183Nii2jBw138BV@BsBJ\B,,,606-84,3,y^@82,075-771-0915,075-771-1823,,,1600,,,x,,,,
1000178,2,2,2,5020200,13,3,,a@@nF,@,an,,B`B`CBnB@BYA^BVcc@qiac@j{AaVcoY`BuGvG\Zl@B@B,,,604-00,4,VlV562,075-221-3648,,,,,,,,,,,sight/photo/mimon01s/s032.bmp
1000179,2,2,2,5020200,7,3,,@t@,@,t,,{Et@A\_i`^cjBlVA\AiHjB@hBRRB1197Niv7jAHcBV@T@BmNR@S{wBVNzAocBLbAA\5NA_yk@AB,,,606-84,3,y^@17n,075-761-8052,,,,,,,,q,,,sight/photo/mimon01s/s033.bmp
1000180,2,2,2,5020200,7,3,1000164,KJRs@@s,@,,,Vcsun`ANi1249jAi{jB^@B,,,606-81,3,6,075-722-0025,075-722-9516,"iFaj\n\nYKv",900,1600,1600,60,"x\n\nQxRB",,R500~,,
1000181,2,2,2,5020200,14,3,1000170,u@@c,@,,,dvBpH|iijB1658Ni4jBw804BRy@B,,,600-81,6,xH{528,075-351-5250,,,,,,,,4/13A@c@@v,,vdb\,sight/photo/mimon01s/s035.bmp
1000182,2,2,3,5020200,8,3,1000279,V@{FH@vl,@@,,,dvBpH|iiGjB1612Nic17jE1618Nia4jBw922B@ThB,,,606-84,3,Tn,075-771-0744,075-771-0744,qs,900,1700,1700,30,"sx~\n\n111112Osx~","iJ\n\n~9F00`16F30","liwj400~\n\nZ@@@@300~\n\nEw@@200~\n\nAACwseziO[vsj\n\n\n\n1115`11\n\nCgAbv@PM5:30`9:00\n\nliwj500~\n\nZ@@@@400~\n\nEw@@300~",,
1000184,2,2,3,5020200,15,3,1000189,ma@{FE,@,,,"BpH|iiGjBkvBw16B^@h{RB\n\n\n\n@dwI_wiAEpB{{l]AOZ]`AFnFFAkvklBe`\A蹄k`viB",,,616-80,8,E33,075-461-1155,075-464-4070,ivj,900,1550,1700,20,41`54jy101`1123Ox,"It@16:30\n\ns@","l@@500~\n\n@300~\n\nwij",,sight/photo/mimon01s/s038.bmp
1000185,2,2,5,5020200,15,3,1000189,ma@oEof,@E,,,"BpH|iijBF1296Niim4NjEf1167`8Nim2`3NjB\n\nw139B^@h{RB\n\n\n\n@`cA`LqBwcoxBwxwfx_LB",,,616-80,8,E33,075-461-1155,075-464-4070,ivj,900,1550,1700,20,41`54jy101`1123Ox,It@16:30,"l@@500~\n\n@300~\n\nwij",,sight/photo/mimon01s/s039.bmp
1000186,2,2,5,5020200,15,3,1000189,ma@O\q,@,,,"BpH|iijBBw38B^@h{RB\n\n\n\n@CiVVS`WRTjiWOS`WOUjbWoTVOq{BO\B\n\n@Stq\S\`AStq{Aq{q{sdvB",,,616-80,8,E33,075-461-1155,075-464-4070,ivj,900,1550,1700,20,41`54jy101`1123Ox,"It@16:30\n\ns@","l@@500~\n\n@300~\n\nwij",,sight/photo/mimon01s/s040.bmp
1000187,2,2,5,5020200,15,3,1000189,ma@VC{,@@,,,"BpH|iijBqBw98B^@h{RB\n\n\n\n@c4NiUTXjEhhqA850ii{jB\n\nwcoxwcofxlSjIlB",,,616-80,8,E33,075-461-1155,075-464-4070,ivj,900,1550,1700,20,41`54jy101`1123Ox,It@16:30,"l@@500~\n\n@300~\n\nwij",,sight/photo/mimon01s/s041.bmp
1000188,2,2,4,5020200,15,3,1000189,ma@G,@,,,"BpH|iiH|ijBBw150BB^@h{RB\n\n\n\n[BA@B{AAoGA`BlV`GcBlzlB",,,616-80,8,E33,075-461-1155,075-464-4070,ivj,900,1550,1700,20,41`54jy101`1123Ox,"It@16:30\n\ns@","l@@500~\n\n@300~\n\nwij",,sight/photo/mimon01s/s042.bmp
1000189,2,2,2,5020200,15,3,1000189,ma@@ye,@,O,,"BpH|iijB888Nima4jBw86B^@h{RB\n\n\n\nma4N(888)man{BAaCAalo_`BOmBeFAFnB",,,616-80,8,E33,075-461-1155,075-464-4070,ivj,900,1550,1700,20,41`54jy101`1123Ox,It@16:30,"l@@500~\n\n@300~\n\nwij",,sight/photo/mimon01s/s043.bmp
1000191,2,2,2,5020200,13,3,1000193,@@,@,t,,dvB1213Ni1jBpH|iijBw803B{t@itjdvwB^@qRhB,,,600-84,6,G728,075-351-7724,075-351-7738,,,,,,,"J\n\n\EHJ(j",,,sight/photo/mimon01s/s045.bmp
1000192,2,2,2,5020200,13,3,1000193,@@,@,t,,dvBpH|iijBqBw802B^@qRhB,,,600-84,6,G728,075-351-7724,075-351-7738,,,,,,,"J\n\n\EHJ",,,sight/photo/mimon01s/s046.bmp
1000193,2,2,2,5020200,13,3,1000193,@t@,@,t,,"dvB{O@B10IBAqAKt@mB\n\n\n\nEs\t1\n\nEs\O7\n\n",,,600-84,6,G728,075-351-7724,075-351-7738,,,,,,,"J\n\n\EHJ",,,sight/photo/mimon01s/s047.bmp
4000021,3,4,1,5030400,,3,,l,,,,40NVAAVABvChAS``A\B,,,,,,,,,,,,,,,,,
1000194,2,2,4,5020200,22,3,1000197,X_@Z,@,,,dBpH|iiH|ijBkE\BX_aB,,,612-08,9,[609,075-641-1045,075-642-6231,"\n\nivYlAj",900,1600,1600,20,5/1`5/5,,u[,\sv,sight/photo/mimon01s/s048.bmp
1000195,2,2,2,5020200,70,3,1000159,@m,@,,,dvBpH|iijB1163Ni1jBw3249B{RC@B,,,601-11,3,wn772,075-746-0036,,s,900,1530,1600,30,~i12/1`3/31jqs,JVq~BmAAVAsIqs,"q@600~\n\nAAwq",,
1000196,2,2,2,5020200,70,3,1000159,@@,@,,,dvBpH|iijB1199Ni1jBw892B{RC@B,,,601-11,3,wn772,075-746-0036,,s,900,1530,1600,30,~i12/1`3/31jqs,JVq~BmAAVAsIqs,"q@600~\n\nAAwq",,
1000197,2,2,2,5020200,70,3,1000159,@\,@,,,dvBpH|iijB1154Niv1jBw890B{RC@B,,,601-11,3,wn772,075-746-0036,,s,900,1530,1600,30,~i12/1`3/31jqs,JVq~BmAAVAsIqs,"q@600~\n\nAAwq",,
1000198,2,2,2,5020200,70,3,1000159,@V,@,k,,dvBpH|iijB1154Niv1jBw891B{RC@B,,,601-11,3,wn772,075-746-0036,,s,900,1530,1600,30,~i12/1`3/31jqsB,JVq~BmAAVAsIqs,"q@600~\n\nAAwq",,
1000199,2,2,2,5020200,70,3,1000159,@syq,@,,,dvBpH|iijB1154Niv1jBw891B{RC@B,,,601-11,3,wn722,075-746-0036,,s,900,1530,1600,30,~i12/1`3/31jqs,JVq~BmAAVAsIqs,"q@600~\n\nAAwq",,
1000200,2,2,2,5020200,1,3,1000199,@V,@,,,Nn`A`B90pA{e赦JBSlq`uO}v18A[uB,,,601-11,3,ss1140,075-741-3662,075-741-3662,\iqjBB,900,1700,1700,30,xiAA@qs\AdbvmFj,,u[ij,XdbO\,sight/photo/mimon01s/s054.bmp
1000201,2,2,3,5020200,1,3,1000199,@O},@,,,SAiKoApl`Bp`AuusvB,,,601-11,3,ss1140,075-741-3662,075-741-3662,\iqjBB,900,1700,1700,30,xiAA@qs\AdbvmFj,,u[ij,XdbO\,sight/photo/mimon01s/s055.bmp
1000202,2,2,2,5020200,13,3,1000200,@q,@,,,u1320Ni2j\vylClBA@XKB{uB^@h{RB,,,600-80,6,qVJ397,075-341-3321,075-341-3321,,,,,,,J,,,sight/photo/mimon01s/s056.bmp
1000203,2,2,2,5020200,13,3,,q@s@Cusv,@uv,s,,"JsO103Ni691NjA1320NOnBCusv{B\n\nci794NjAVckliqjA@Auqv`B\n\nVNi947`957NjvAmrpAoHB\n\nVNi1573`1592NjLbGgA阙yc{sAmB\n\nmsPA{{B70N~quA2012N1124E5AEcuHvJsB",,,600-80,6,赎nsV675,075-361-0978,,Tcmi\,700,,2000,3,X,JRswsoX17E205uvA200,,,sight/photo/mimon01s/s057.bmp
2000027,2,3,1,5020300,,3,1000041,MD_j,,,,"MD_{{JcJcB\n\n400NB30[gB\n\n{}VLALB_C@npAMD___B",,,601-11,3,nMD180,075-741-2016,,,,,,,,,,,sight/photo/mimon02A/A001.bmp
2000028,2,3,1,5020300,,3,1000052,jt@,,,,Sjt@`mLNKl`ijB,,,,,S,,,,,,,,,,,,sight/photo/mimon02A/A068.bmp
1000204,2,2,2,5020200,17,3,1000204,@\,@,,,"dviEw975jBni989NjAtNitjvBLr{A\BwA6NAsidAw976jwB\n\n616-8306@ssEL14\n\nF@075-861-0413\n\nz[y[W@http://www.eonet.ne.jp/~henjouji/\n\n\n\nFswiqwBsoXosALmAkkSB\n\nJRRwkk15",,,616-83,8,EL14,075-861-0413,075-861-0413,s,1000,1600,1600,20,28O,,q500~,"db\n\n075-861-0413",sight/photo/mimon01s/s058.bmp
1000205,2,2,3,5020200,10,3,1000273,@@{FG},@,,,"dvBpH|iiGjBBw821BsB@mhB\n\n\n\nWB",,,605-09,5,R527,075-525-2473,075-531-0263,,930,1700,1700,60,jijxjxjExL,"W9F30`18F00Aj`20F00i30Oj\n\n@TEL:075-551-2417",W,,
1000206,2,2,2,5020200,16,3,1000209,@@@nF,@,,,dvBBpH|iijBw896BBBlB,,,616-80,8,E49,075-461-9428,075-463-7057,s,900,1600,1600,30,1230A31,"t16F00\n\n","@@@@@c@Q\n\nl@@500~ @400~ @300~\n\nw@500~@ 400~ @300~\n\n300~@ 300~\n\ni30cj",cAB,
1000207,2,2,2,5020200,16,3,1000209,@@@m`,@,,,dvBBpH|iijBw897B,,,616-80,8,E49,075-461-9428,075-463-7057,s,900,1600,1600,30,1230A31,,"@@@@@c@Q\n\nl@@500~ @400~ @300~\n\nw@500~@ 400~ @300~\n\n300~@ 300~\n\ni30cj",cAAB,
1000208,2,2,2,5020200,17,3,1000214,@@VEV,@E,,,dvi2jBqBpH|iijBw964B,,,616-00,11,RR,075-861-0069,075-861-1830,,,,,10,x,J,,,
1000209,2,2,2,5020200,10,3,1000219,@@{Fs,@,s,,"BpH|iiGjBBw102BV@BsB\n\n\n\nWB",,,605-09,5,R527,075-525-2473,075-531-0263,,930,1700,1700,60,jijxjxjExL,"W9F30`18F00Aj`20F00i30Oj\n\n@TEL:075-781-5010B",W,,
1000210,2,2,5,5020200,10,3,1000219,@@aW,@,,,"BpH|iijBBw90BsBV@B\n\n",,,605-09,5,R527,075-525-2473,075-531-0263,,930,1700,1700,60,jijxjxjExL,W9F30`18F00Aj`20F00i30Oj@TEL:075-781-5010,W,,
1000211,2,2,4,5020200,16,3,1000237,S@,@,,,B698Ni2j{AgcDwkRxLBa40NSOA@uACDFB,,,616-80,8,ES1,075-461-5226,075-464-2069,vl,910,1540,1640,30,{Rsixj,"KCh20B\n\n9:10`11:50A12:30A13:00`16:40i11`215:40j","@@@@@@@c\n\n           @    (30l)\n\nZ@500~@450~\n\nw@@@300~@270~\n\nl@@@@100~@100~\n\nc\n\nQAtY\n\niq@j",ci30jv\,sight/photo/mimon01s/s065.bmp
1000212,2,2,3,5020200,10,3,,c@{FcnN,@,,,"dvBpH|iiGjBBw561BRy@BsB\n\n\n\nWB",,,605-09,5,R527,075-525-2473,075-531-0263,,930,1700,1700,60,jijxjxjExL,"W9:30`18:00Aj`20:00B(30O)\n\ncTEL:075-241-3608",W,,
1000213,2,2,2,5020200,14,3,1000434,@@~nF,@,~n,,"nuBO@tAZY赦JAAn~A@nB~nBnB~nAPMAg`AunvBy@B\n\n\n\nGn[oB\n\nGnMb}iZjGBD500~",,,600-81,6,xHZ{534,075-351-3066,075-351-6482,sij,1000,1600,1600,10,,,,~nBiOAvj,sight/photo/mimon01s/s067.bmp
4000017,3,4,1,5030400,,3,,s,,,,^qZBa57N\BuIvAoBAA~ANjBZXWu帏B,,,,,,,,,,,,,,,,,
1000214,2,2,2,5020200,14,3,1000434,@@@,@,,,{ABtcBmoAoqAgAcA{BsAJB,,,600-81,6,xHZ{534,075-351-3066,075-351-6482,sij,1000,1600,1600,40,,{@A{IqsB,"{qAAqt1000~iv45j\n\nEvOA","qv\\n\nALA\n\nFAX@075-351-6482@\n\nTEL@075-351-3066@\\n\n",sight/photo/mimon01s/s068.bmp
1000215,2,2,3,5020200,12,3,1000247,IR@{F\,@,,,dvBpH|iiGjBBw1515BV@B,,,602-08,2,LHkm397,075-231-0355,,,900,1600,1600,30,,s,,,
1000216,2,2,5,5020200,12,3,1000247,IR@btM,@,,,BpH|iijB972NiV\3jBw253BV@B,,,602-08,2,LHkm397,075-231-0355,,,900,1600,1600,30,,@,,,
1000217,2,2,2,5020200,12,3,1000247,IR@@兼,@,,,dvBpH|iijBqBw783BV@B,,,602-08,2,LHkm397,075-231-0355,,,900,1600,1600,30,11A131`210,s,"l@@@@500~\n\nw@@400~\n\nw@",,
1000218,2,2,2,5020200,9,3,1000066,m@@G_,@,,,"m@G_ㄢJB\n\n_lㄢJAuGvpC[WA_MWA_luGveB\n\nN1125sB",,,,,R400,,,,900,,1630,,,t16:00,,,
1000219,2,2,4,5020204,,3,,_@F,@,,,"_uFBFFA90Z`[gB``B\n\nmVcAC^ijaONi836ja\Ni835jB\n\n\n\ntGJi513`515j\n\nHGJi108`1010j\n\nqi10F00`15F00j\n\n\n\nz[y[W@http://www.jingoji.or.jp/\n\n\n\n",,,,,,,,s,,,,50,,,"q@500~\n\nRq600~rKv",,
1000220,2,2,4,5020204,,3,,_@O@t,@,,,"_t{O@tAdvB_LlNi1302jtLAq\B{ALXt\B\n\n\n\nJi111`117j\n\nqi9F00`16F00j\n\n",,,,,,,,s,900,,1600,50,,,q500~@Rq600~rKv,,
2000001,2,3,1,5020300,17,3,2001,REn|,E,,,njGmLBbA{uAkLnB,,,,,mn,,,,,,,,,,,,sight/photo/mimon02A/A073.bmp
2000002,2,3,1,5020300,21,3,2002,~,,,,{}}B250NOLLB,,,,,,,,,,,,,,,,,sight/photo/mimon02A/A046.bmp
2000003,2,3,1,5020300,,3,1000014,Vg_{,,,,Vg_QNIK^}mLBQ_OpnBIK^}mLAAmB,,,,,Fg,,,,,,,,,,,,sight/photo/mimon02A/A065.bmp
2000004,2,3,1,5020300,,3,1000249,{_,,,,"{_iOjNWNWB\n\nss@w",,,,,{,,,,,,,,,,,,sight/photo/mimon02A/A037.bmp
2000005,2,3,1,5020300,,3,1000145,i_gt,,,,TenJGf^JIJGfB}XAnAlAYaWBuRgtU@v,,,,,yi48,075-761-0007,075-771-4243,,,,,,,,,,sight/photo/mimon02A/A026.bmp
2000008,2,3,1,5020300,,3,1000025,_,,,,_uicuVCBpANAcB,,,,,t,,,,,,,,,,,,sight/photo/mimon02A/A041.bmp
2000009,2,3,1,5020300,,3,1000025,_,,,,"_}c~BkB\n\n450NB",,,,,t,,,,,,,,,,,,sight/photo/mimon02A/A042.bmp
2000031,2,3,1,5020300,,3,1000066,_,,,,"_AkiVJB14A1.5A\u_vB\n\n\n\nz[y[W@http://www.gooujinja.or.jp/",,,,,Go,,,,600,,2100,,x,t@9F00`17F00,QqR,,sight/photo/mimon02A/A084.bmp
4000018,3,4,1,5030400,,3,,,,,,DqZBsjDAAyvmB,,,,,,,,,,,,,,,,,
2000011,2,3,1,5020300,,3,1000189,,,,,"mao200{TgUNB3mA}BB13N12AjwB4{`{B\n\n\n\nFd ma kQ\n\n@@@@@@soX ma\n\nFoX12@1.000~\n\n@@@@@@@p100@500~\n\n",,,,,ssE33,075-461-1155,075-464-4070,ivj,830,,1700,30,4{`{,,"@@@@\n\n@@@@@c@Q\n\n              30l   \n\nl@@500~@450~@@ {l\n\nZ@500~@450~@@ \n\nw@200~@180~@@ \n\nw@200~@180~",sv,sight/photo/mimon02A/A051.bmp
2000012,2,3,1,5020300,,3,1000033,_,,,,_uiC`CKVBn1.5mAnIoB,,,,,{R,,,,,,,,,,,,sight/photo/mimon02A/A006.bmp
2000013,2,3,1,5020300,,3,1000033,_,,,,_jNmLB~`nA70cmSBANVBAsscNmLB,,,,,{R340,,,,,,,,,,,,sight/photo/mimon02A/A069.bmp
2000014,2,3,1,5020300,,3,1000033,,,,,_kuiX_VCBtRnkXnT}5{AsNB,,,,,{R,,,,,,,,,,,,sight/photo/mimon02A/A007.bmp
2000015,2,3,1,5020300,,3,1000033,},,,,_oV_UNBALJnAQBBAs[`AB,,,,,{R,,,,,,,,,,,,sight/photo/mimon02A/A008.bmp
2000016,2,3,1,5020300,,3,1000031,C,,,,C@OqmLnCrNVBnijA}BAB,,,,,RCm,,,,,,,,,,,\sv,sight/photo/mimon02A/A039.bmp
2000017,2,3,1,5020300,,3,1000039,kV{A~,,,,"kV{~jNmLB\n\n~J\Bi2{`3{J\jLB",,,,,n,,,\,1000,,1600,,,,~Ji2{`3{j\BLB,,sight/photo/mimon02A/A056.bmp
2000018,2,3,1,5020300,,3,1000039,kV{X,,,,"kV{uiVKVB\n\n~Ji2{`3{jyAJi11{`12{j\BLB",,,,,n,,,\,,,,,,,"~Ji2{`3{j\BLB\n\nJ@L\n\ni11{`12{j\n\n",,sight/photo/mimon02A/A057.bmp
2000019,2,3,1,5020300,,3,1000039,kV{,,,,kV{jPLBGgV19Ni1591jyVyVRnB~Ji2{`3{jyAJi11{`12{j\BLB,,,,,n,,,\,,,,,,,"~Ji2{`3{j\BLB\n\nJ@L\n\ni11{`12{j",,sight/photo/mimon02A/A055.bmp
2000020,2,3,1,5020300,,3,1000039,kV{,,,,kV{Ay驿uiX_VCB~Ji2{`3{jyAJi11{`12{j\BLB,,,,,n,,,s,,,,,,,"~Ji2{`3{j\BLB\n\nJ@L\n\ni11{`12{j",,sight/photo/mimon02A/A058.bmp
2000021,2,3,1,5020300,,3,1000039,kV{oq,,,,kV{yNXmLJSmLBJSmLyB~Ji2{`3{jyAJi11{`12{j\BLB\BLB,,,,,n,,,s,,,,,,,"~Ji2{`3{j\BLB\n\nJ@L\n\ni11{`12{j",,sight/photo/mimon025/5004.bmp
2000022,2,3,1,5020300,,3,1000039,kV{,,,,kV{jNmLBnBy~_B,,,,,n,,,,500,,1800,,,5:30`17:3@@@@@@@@@@@@@@@@@@@@@0i10`3j,,,sight/photo/mimon02A/A070.bmp
2000023,2,3,1,5020300,,3,1000041,MD_{,,,,MD_{XMXMBQ{YB1000NB,,,,3,nMD180,075-741-2016,,,,,,,,,,,sight/photo/mimon02A/A005.bmp
2000024,2,3,1,5020300,,3,1000041,MD_{j,,,,MD_{aEkAnJJcJcBkAw}XRBMDkJB{{p_jBswVRLOB,,,,3,nMD180,075-741-2016,,,,,,,,,,,sight/photo/mimon02A/A002.bmp
2000025,2,3,1,5020300,,3,1000041,MD_{,,,,MD_{QXMXMB250`300NB,,,,3,nMD180,075-741-2016,,,,,,,,,,,sight/photo/mimon02A/A004.bmp
2000032,2,3,1,5020300,,3,1000067,{,,,,"{_QQWTBsxBuvAuvBR]AgUiAi3{`4{jBJBQB\n\n\n\n\n\nd@R@kT\n\nSd@RO@kT\n\nsoX@{O@kP\n\n\n\np100@\n\noXs",,,,,ss{O174,,,s,,,,,,JBQB,,,
2000033,2,3,1,5020300,,3,1000067,{hS,,,,"{_{aO\ec\ecB{aQyAA{B\ecMzqAA~{A\ecz~AJABso^VRLOB\n\n\n\n\n\nd@R@kT\n\nSd@RO@kT\n\nsoX@{O@kP\n\n\n\np100@\n\noXs",,,,,ss{O174,,,,,,,,,hSN^,,,sight/photo/mimon02A/A045.bmp
2000034,2,3,1,5020300,,3,2034,z,,,,zXnuVo}UNB,,,,,zY82,,,,,,,,,,,,
2000035,2,3,1,5020300,,3,1000006,mJ,,,,mJAQJGf^JIJGfB^JIJGfAx`BgtmJAnB`BswVRLOB,,,,,m,,,,,,,,,,,,
2000036,2,3,1,5020300,,3,1000075,n@,,,,TRAn@{ij`mLNKl`B,,,,,Tn,,,,,,,,,,,,sight/photo/mimon02A/A017.bmp
2000037,2,3,1,5020300,,3,1000075,n@,,,,TRAn@yOuicuVCiRWCjB,,,,,Tn,,,,,,,,,,,,sight/photo/mimon02A/A016.bmp
2000038,2,3,1,5020300,17,3,2038,EZ_,E,,,LrZ_{uicuVCB,,,,,a,,,,,,,,,,,,sight/photo/mimon02A/A074.bmp
2000039,2,3,1,5020300,17,3,2039,E@,E,,,@@B@mAAAiVccA|BnLA_BiJj,,,,,kx25,,,,,,,,,,,,sight/photo/mimon02A/A075.bmp
2000040,2,3,1,5020300,16,3,2040,G@VO,,,,G@XMqmLB{400unyEAn\RPB,,,,,S55,,,,,,,,,,,,
2000041,2,3,1,5020300,,3,1000153,O@},,,,O@O160NutvAy\uvfBA16i2004jNAEJN[AB,,,,,,,,,900,,1700,30,x,"q9:00`17:00i121j29:00`16:00j\n\ntI16:30i121j215:30j","O@qKvB\n\nO@AAA\n\n@@@@@c@@\n\nl@@600~@400~@@@\n\nw@600~@400~@@@\n\nZ@300~@200~@@@\n\nw@300~@200~@@\n\nl@@@ ",\sv,
2000042,2,3,1,5020300,,3,1000089,itj_,ij,t_,,"itjt_BRcoLAA涮A_pARt|_nAEB\n\n\n\nFdo@\n\n@@@@@@soX5E17203n@t@k10\n\n@@@@@@soX32100n@tO@kT\n\nFscQ\n\n@@@@@@@oX14@2.500~\n\n@@@@@@@p40@800~",,,,,sst2,075-771-5725,075-771-5439,Bo,830,,1700,40,x,"qF\n\ni 3`11j8:30`17:00\n\n~i12` 2j9:00`16:30\n\n","@@@@@@Q@u[@@@@@@@@@@@@\n\nw@500~@@@100~\n\nZ@500~@@@100~\n\nw@300~@@@100~\n\nw@300~@@@100~\n\nw","itjt_RB\n\n3`4@JiCj",sight/photo/mimon02A/A077.bmp
2000055,2,3,1,5020300,,3,1000231,PV,,,,"P}ctBoOLBuVvAELABVA2`3mAEL37mBLAc_@uXoPvvBVRLOwB\n\n\n\nz[y[W@http://www.yoshiminedera.com\n\n\n\n",,,,10,ss1372,,,,800,,1700,40,,,,,sight/photo/mimon02A/A043.bmp
2000056,2,3,1,5020300,,3,1000160,{,,,,i{jA{k`mLNKl`ijB,,,,,aO,,,,,,,,,,,,sight/photo/mimon02A/A064.bmp
2000043,2,3,1,5020300,,3,1000089,,,,,"tij}LJ}LBXMAArBnRAB\n\n\n\nFdo@\n\n@@@@@@soX517E203n@t@k10\n\n@@@@@@soX32E100n@tO@kT\n\nFscQ\n\n@@@@@@@oX14@2.500~\n\n@@@@@@@p40@800~",,,606,3,sst2,075-771-5725,075-771-5439,Bo,830,,1700,40,x,"qF\n\ni 3`11j8:30`17:00\n\n~i12` 2j9:00`16:30","@@@@@@Q@u[@@@@@@@@@@@@\n\nw@500~@@@100~\n\nZ@500~@@@100~\n\nw@300~@@@100~\n\nw@300~@@@100~\n\nw",E{ORoBij,sight/photo/mimon02A/A013.bmp
2000044,2,3,1,5020300,,3,1000090,n@ijFdU,ij,,,"kn@ijLbGgUBRu{[viaRN1803NjAsn@`coLLBL`BqKuUvBAMe[}GuUv`BA100NBswVRLOBR{`S{\n\n\n\nFsoXk~T\n\nF\n\nqwF",,,,,R41n,,,,900,,1600,10,x,,,,
2000045,2,3,1,5020300,,3,1000099,\,,,,"\{ONXmLNXmLBAgtB200N}AuvB\n\n]OaGBEbDAFB\n\n{Prij^^@B",,,,,,,,s,900,,1700,30,,,"@@400~\n\nw@200~\n\nc@@",,sight/photo/mimon02A/A044.bmp
2000046,2,3,1,5020300,,3,1000122,@@,,,,@@klNXmLNXmLB@@znOOXnAyNXkQ{AQ{aOP{ASNBV{Ni1144jVAsAcRA`ANXA@B,,,,,cOVX,,,,,,,,,,,,sight/photo/mimon02A/A027.bmp
2000047,2,3,1,5020300,,3,1000123,_{,,,,"_{NIK^}mLBB@AIK^}mL@AssBtFJBswVRLOB\n\n\n\nz[y[Wtqk@http://siraminejingu.or.jp/",,,,,ox,,,,,,,,,,,,sight/photo/mimon02A/A063.bmp
2000049,2,3,1,5020300,,3,1000127,^@,,,,"^y^@@VNiQVV|B@XMSPB\n\na54NAsswB\n\n\n\nF^@OEO@k8\n\nFpT@",,,606-84,3,ssy^@82,075-771-0915,075-771-1823,,,,,,sx,,q@500~,,sight/photo/mimon02A/A061.bmp
2000050,2,3,1,5020300,,3,1000127,^@Sg,,,,"^@Odt~\nMTXxBBa51NAswB\n\n\n\nF^@OEO@k8\n\nFpT@",,,606-84,3,ssy^@82,075-771-0915,075-771-1823,,,,,,,,,,sight/photo/mimon02A/A018.bmp
2000051,2,3,1,5020300,,3,1000127,^@,,,,"^y{A^@oAY}qKiGhqKjB^eaTPBtAB\n\na51NAsw\n\n\n\n\n\nF^@OEO@k8\n\nFpT@",,,606-84,3,ssy^@82,075-771-0915,075-771-1823,,,,,,,,,,sight/photo/mimon02A/A020.bmp
2000052,2,3,1,5020300,,3,1000127,^@,,,,"^@RAQ{OJGfnimLBnJnB\n\na51NAsw\n\n\n\nF^@OEO@k8\n\nFpT@",,,606-84,3,ssy^@82,075-771-0915,075-771-1823,,,,,,,,,,sight/photo/mimon02A/A019.bmp
2000053,2,3,1,5020300,,3,1000127,^@,,,,"^y{OVimL{_CWBnJnB\n\na51NAsw\n\n\n\nAijB\n\n\n\nF^@OEO@k8\n\nFpT@\n\n\n\n",,,606-84,3,y^@82,075-771-0915,075-771-1823,,,,,,,,,,sight/photo/mimon02A/A021.bmp
2000089,2,3,1,5020300,11,3,,V{@e,@,,,i^j`B,,,602-00,2,xO722-10,075-451-5057,075-451-5057,,,,,10,,,,,sight/photo/mimon02s/s002.bmp
4000019,3,4,1,5030400,,3,,,,,,ZBa48NxAZB^NV[^]jmlB,,,,,,,,,,,,,,,,,
2000057,2,3,1,5020300,4,3,2057,@,,,,"LbGg{\|DcMPA@B\n\n{Gg[DcMidvjOi115cmjgAchtANB\n\n21AV射AOLB\n\nMALbGgxAijB\n\nNAtHJBJ\n\n\n\n^soXuOv@k7",,,,,ssk59,075-492-2630,075-492-2630,s,1000,,1600,30,J,"H28N@tGJ@412`522iq^l500~j\n\nHGJ@10{`11{\n\n",l600~EZ400~Ew300~Ewij,,sight/photo/mimon02A/A035.bmp
2000058,2,3,1,5020300,,3,2058,`,,,,ss`o}UNB`l{``LB,,,,,Rl{R,,,,,,,,,,,,
2000062,2,3,1,5020300,,3,1000158,,,,,"arNVrNViCuLjBanLBswVRLO\n\n\n\nFsoXO@kT\n\nFoX20@2000~\n\n@@@@@@Ep40@2500~30100~@@@@@@@@@@@@@@@PM8:00`AM8:00@100~\n\nqI\",,,,,ssk,075-491-0019,075-491-0016,\,,,,,,,,sv,sight/photo/mimon02A/A032.bmp
2000063,2,3,1,5020300,8,3,2063,R,,,,scRIHEVn[mLBnAkA_nkBBtAqv{HAAB,,,,,Tr,,,,,,,,,,,,
2000066,2,3,1,5020300,,3,1000251,恹X,,,,_A\QuicuVCBA\QnAcoLAAJVR^cB,,,,3,{,,,,,,,,,,sv,sv,sight/photo/mimon02A/A010.bmp
2000067,2,3,1,5020300,,3,1000251,恹X,,,,_SzjNmLB,,,,,{,,,,,,,,,,sv,sv,sight/photo/mimon02A/A009.bmp
2000068,2,3,1,5020300,,3,1000166,m@Q,,,,m@QAnkNWNWBNWAqOpAplm@]\A`BNWgsszkAi20mjMdBswVRLOB,,,,,R400,,,,,,,,,,,,
2000069,2,3,1,5020300,,3,1000253,_,,,,"_coLTJLBR[Ak_nB__B\n\n\n\n@iqoXuv@k30\n\n@@@@@@{kHPk15Aq162@@@@@@V\n\n\n\n@p10@",,,,1,sskP,,,s,,,,30,,1137:30B,,,
2000070,2,3,1,5020300,7,3,2070,k@,,,,k@coLTUJBVCAAJVB,,,,,y^@,,,,,,,,,,,,sight/photo/mimon02A/A022.bmp
2000071,2,3,1,5020300,7,3,2071,k@[~,,,,k@A{oEBu[~vAla~B~wukvijLB,,,,,y^@,,,,,,,,,,,,sight/photo/mimon02A/A023.bmp
2000073,2,3,1,5020300,,3,1000186,Th,,,,TOk}crNViACuLArN_jBkAABs}GAH⑩iiXN`1780jhARccLB,,,,,Tn,,,,,,,,,,,,
2000074,2,3,1,5020300,,3,1000114,{,,,,"{C`EiYjBnA30cmyO_Bn1.5m`3mte}}o`C`EAtBV8Ni1788jAehAuC`EvuC`EvBswVRLOB\n\n\n\n",,,,,x,,,,,,,,x,,,,
2000075,2,3,1,5020300,,3,1000194,{,,{,,"{{aOuicuVCBssaVCBi600Nj\n\n\n\n@300Nu\n\n@@@@@@@`200N\n\n@@@@@@@B\n\n@@@@@@@200300{B",,,,,~P{m,,,s,1000,,1600,,,@311`415,,,sight/photo/mimon02A/A067.bmp
2000090,2,3,1,5020300,24,3,2090,R_cNolKV,,,,R_alucNolKVB7D9mA2{L18mBR_gwrZ`BusR200IvIB,,,,,,,,,,,,,,,,,sight/photo/mimon02s/s003.bmp
2000076,2,3,1,5020300,,3,1000195,_,,_,,"@6N1,500@@101`30\n\nJ\n\n@10{sBO10TAAyB\n\n\n\n_AiREyB\n\nit)EE{EE恁OER淇ESES@@ERE\n\ni)REuEEE|AANqAuA@@AzAu\n\niH)Aj[As@AAHA(E)AqAy@@eATUJ\n\ni~)A~AleARAX~AVA\n\n\n\n@@A{aRB@@YNB",,,,,{{,,,BvYl,600,,1700,,x,,,\sv,sight/photo/mimon02A/A059.bmp
2000077,2,3,1,5020300,,3,1000208,FJ,,,,k[FJLBn130cmARAd^gAQ~`AYJB`A`BtZFBAkAMdiAAYNFAgFFBZFdB,,,,2,ssVxSX547,,,s,1000,,1600,30,,"Jl`W\n\nqF31` 43i3112jA111`1130@15:30tI",,"cv\\n\nidbAFAXj",sight/photo/mimon02A/A080.bmp
2000078,2,3,1,5020300,,3,1000210,@t,,,,"@}cSE}cB{B11mA}k11.5mA14m`B`DAtMdBswVRLOB\n\n\n\nz[y[W@http://www.hosenin.net",,,,,@187,,,,,,,,,,,,sight/photo/mimon02A/A066.bmp
2000079,2,3,1,5020300,,3,1000212,@R@Ak,,,,@R@kyJGf^JIJGfB,,,,,PJ,,,,,,,,,,,,
2000080,2,3,1,5020300,,3,1000212,@R@,,,,@R@AoJGf^JIJGfB,,,,,PJ,,,,,,,,,,,,sight/photo/mimon02A/A012.bmp
2000081,2,3,1,5020300,,3,1000212,@R@U,,,,@R@A{kcoL`coLBAWJBn@UNABuU@@@@cc@vBn@ijUAgAAAgAB,,,,,PJ,,,,,,,,,,,,
2000082,2,3,1,5020300,,3,1000212,@R@,,,,@R@AojNmLBoB,,,,,PJ,,,,,,,,,,,,sight/photo/mimon02A/A011.bmp
2000084,2,3,1,5020300,,3,1000225,@@,,,,@B@Aim2Ni1294NjAlJn{@@{RBR\ZBN^@LBgFdAg@B11t3ApB,,,,,V{@O875,,,s,1000,,1600,30,"12yj\n\n1226`15\n\nsxL","KChB\n\nwv30",{RqPsv,cv\idbEnKLEFAXj,sight/photo/mimon02A/A076.bmp
2000085,2,3,1,5020300,,3,1000228,R_,,,,R_{aiXMXMBnQB_qO_BR_XM3{JSmLswVRLOB800NA53[gBSB,,,,,n{,,,,,,,,,,,,sight/photo/mimon02A/A062.bmp
2000086,2,3,1,5020300,,3,1000240,g~,,,,AoEidgFjBOnB`{nAVcABAOAzAA}AiB,,,,,PJi,,,s,1000,,1600,30,"tJ\n\nH27@328`412",,600~,,
2000087,2,3,1,5020300,,3,1000240,,,,,coLcoLijBuvY~`uJv|icoLBVci1596`1680jcAA`BswVRLOB,,,,,PJi,,,s,1000,,1600,30,"tJ\n\nH27@328`412",,"600~\n\n",,sight/photo/mimon02A/A015.bmp
2000088,2,3,1,5020300,11,3,,kV{@e,@,,,"Bi^j~r`AsB\n\n\n\n@k k~w@k10\n\n@soXoX@kV{O@k1\n\n@n\n\n@swO 50A101\n\n@l 10A203\n\n\n\n@^oX50@\n\n@p300@i9:00`17:00j\n\n@AA25B",,,602-83,,OHn,075-461-0005,075-461-6556,QKiX[vLBOegpgCLB,500,1800,1800,30,,10`R5F30`17F30,,,sight/photo/mimon02s/s001.bmp
2000091,2,3,1,5020300,24,3,2091,cSN,,,,"cA477scA{AcAwoBijjJJWB{nAOc{Bc_t_eA6N|AA{dABvCAAddAa42NuSNvBA100NASNOB\n\nT^I}UNBgFA{BdEdEBddB",,,,,,,,,,,,,,,,,sight/photo/mimon02s/s004.bmp
2000092,2,3,1,5020300,24,3,2092,g,,,,"`Ivz` \n\ngA[XAlIe{wQXBAcAczpnL^cAqAkASZpBA1{ijdsBARXMiiA1{ASBAni1869jAgXnlXpAkudAplABMdQA11Ns{VRLOwBARxMdAcnAs{RSn1wAB\n\n",,,,,,,,,,,,,,,,"RAkR@CXgN^[Ai\ljqB\n\n075-854-0937",sight/photo/mimon02s/s005.bmp
3000001,2,5,1,5020500,,3,,,,,,`{}@BhBEEBVNi729-49jkAEqosVEh]BiZpGErV3KjB,,,,,,,,,,,,,,,,,
3000003,2,5,1,5020500,,3,,,,,,SAB@dgijARop`BAApAmBAAnAuvoAlCB,,,,,,,,,,,,,,,,,
3000004,2,5,1,5020500,,3,,y,,,,ChEENnA{y`{yB701Ni1j{y{EyB]E{BsAyEsyB,,,,,,,,,,,,,,,,,
3000005,2,5,1,5020500,,3,,n,,,,lB1603Nic8jo_xBnA]O=7hBAcANugsvB1991Ni3jCBBd_lAsoXlOB,,,,,,,,,,,,,,,,,
3000008,2,5,1,5020500,,3,,_q,,,,_AeRgtyBAJABuR`L`vmBA\yqgoA]Bo[v40lBeRgAOB,,,,,,,,,,,,,,,,,
3000009,2,5,1,5020500,,3,,,,,,\A\\|\AvfqEBOspB]EEamBAsRYEOYA2yOB,,,,,,,,,,,,,,,,,
3000010,2,5,1,5020500,,3,,,,,,{xBs\Ni1688-1704jgYqS~nNBcBi1767-1854Ea4`1jnnBVnSbA\yeDpBtssBX2000Nia22j5PA,,,,,,,,,,,,,,,,,
3000011,2,5,1,5020500,,3,,Rf,,,,Rf{`IZB7i12.7[gjlfiR[gjA8lZRLsB`|\`AAsRfpB`wBGXqARfpvCRiAlUB,,,,,,,,,,,,,,,,,
3000013,2,5,1,5020500,,3,,,,,,yRAxi1522-91Ei2`V19jmBsAx\isR浣jAijAHixjOA10w]BsSwssB,,,,,,,,,,,,,,,,,
4000014,3,4,1,5030400,,3,,_L,,,,qLBa48N\BQV50NKBccB^jORXLB,,,,,,,,,,,,,,,,,
3000014,2,5,1,5020500,,3,,v,,,,1589NiV17jGgVfAsBfVvBepDAAAAAwA{gAiNi1624-44jWugvvBfAv`Ad45LyvB,,,,,,,,,,,,,,,,,
3000016,2,5,1,5020500,,3,,O,,,,sOAOOA@dnAA\A|\iBAppOAyOA{{A__OsB,,,,,,,,,,,,,,,,,
3000017,2,5,1,5020500,,3,,\,,,,{T|\ByqA\B\y\AEEtEE5BsBhB1937Nia12jBAi\Z@pB,,,,,,,,,,,,,,,,,
3000018,2,5,1,5020500,,3,,W,,,,epOmBs\Bc|mlOBFTwDAepAsBXq{ACOePgB,,,,,,,,,,,,,,,,,
3000019,2,5,1,5020500,,3,,ZO,,,,"AOx|\AAlMn`BZi6AijsB\AAOZA~OsBsZmBZOi89E16pj{ZOi814{jZOi816jRZOi818_E822PjjZOix~jZOi823j~ZOi825~{jg@ZOi825g@V{jvZOi831j\n\nX",,,,,,,,,,,,,,,,,
4000001,3,4,1,5030400,,3,,ts,,,,gEZ\Ba28N\BuvVfAHAXtssdj|lAfdbB,,,,,,,,,,,,,,,,,
4000002,3,4,1,5030400,,3,,[O,,,,a36N\Bnm{EGtAVsjEiB,,,,,,,,,,,,,,,,,
4000003,3,4,1,5030400,,3,,,,,,NSZBVc{dmYBAqVcVcziB,,,,,,,,,,,,,,,,,
4000004,3,4,1,5030400,,3,,yL,,,,MBa43N\B|gKD10N]{MAMAsB,,,,,,,,,,,,,,,,,
4000005,3,4,1,5030400,,3,,yZ~iI,,,,a28`29NABYlLV^MA`iBsiu~vAB,,,,,,,,,,,,,,,,,
4000006,3,4,1,5030400,,3,,oHE,,,,ZBa40N\BsSENoHmEiAjXB,,,,,,,,,,,,,,,,,
4000007,3,4,1,5030400,,3,,JU,,,,c]ZBsKlUNBuvU_\tAsKbccB,,,,,,,,,,,,,,,,,
4000008,3,4,1,5030400,,3,,Si,,,,YZBaNuvfBAVsaCBOzD`iArpOiSeB,,,,,,,,,,,,,,,,,
4000009,3,4,1,5030400,,3,,sH,,,,uBlCAcqomYBoAAsBoOrolccB,,,,,,,,,,,,,,,,,
4000010,3,4,1,5030400,,3,,Vn,,,,iHqZBWN[ijRVB^lsBVI`iAiB,,,,,,,,,,,,,,,,,
4000011,3,4,1,5030400,,3,,,,,,a24NAmBAl}AAEw`iB,,,,,,,,,,,,,,,,,
4000012,3,4,1,5030400,,3,,,,,,{ZBa31N\BXNOElBEjAASgFfoB,,,,,,,,,,,,,,,,,
4000013,3,4,1,5030400,,3,,L,,,,xCYZBa12Nuv\BEjvoAOABp碘KB,,,,,,,,,,,,,,,,,
4000022,3,4,1,5030400,,3,,G,,,,Gfr[Ba21N\B{]Iia13NtQ`Bi16Iu[QCGnB,,,,,,,,,,,,,,,,,
4000023,3,4,1,5030400,,3,,F,,,,xbBRN12Bgj]iB]@sA藻bB,,,,,,,,,,,,,,,,,
4000024,3,4,1,5030400,,3,,,,,,H]B11NBR`I@A_VsX`AFXC`B,,,,,,,,,,,,,,,,,
4000025,3,4,1,5030400,,3,,,,,,Ba36NuVv\ZBjNwom]oBgeiB,,,,,,,,,,,,,,,,,
4000026,3,4,1,5030400,,3,,,,,,n~\BEG`lloBn10NB,,,,,,,,,,,,,,,,,
4000027,3,4,1,5030400,,3,,s,,,,a36`37NAVA[NB[DsAoXdqAcqh}OODiB,,,,,,,,,,,,,,,,,
4000028,3,4,1,5030400,,3,,sJD,,,,YBa30NuVvABsAVjo`A12biB,,,,,,,,,,,,,,,,,
4000029,3,4,1,5030400,,3,,,,,,Vcq\Ba57NgpwVlBg^gBVcn`B,,,,,,,,,,,,,,,,,
4000030,3,4,1,5030400,,3,,J,,,,ollqIsBaRNuvfBJAYsB@oJPB,,,,,,,,,,,,,,,,,
4000031,3,4,1,5030400,,3,,l@,@,,,VWBa38NBVslBggBPuDvVvw`iB,,,,,,,,,,,,,,,,,
4000032,3,4,1,5030400,,3,,,,,,|YWBaRNBWnAANw`UAs[NiB,,,,,,,,,,,,,,,,,
4000033,3,4,1,5030400,,3,,,,,,a37NuTVvAB_eEqfBOefUCi[b\B,,,,,,,,,,,,,,,,,
4000034,3,4,1,5030400,,3,,Vhau`,,,,36N^iSjiBLBTAiZerB,,,,,,,,,,,,,,,,,
4000035,3,4,1,5030400,,3,,s,,,,a21NAsVADcViBIsl`llBlOwsB,,,,,,,,,,,,,,,,,
4000036,3,4,1,5030400,,3,,M,,,,XOBTN\BE\nlrbAjiAyGB,,,,,,,,,,,,,,,,,
4000037,3,4,1,5030400,,3,,U,,,,NZBa35NBoSBQVoDyAE\}B,,,,,,,,,,,,,,,,,
4000038,3,4,1,5030400,,3,,,,,,a15NA[YNZBTNytA{vN`B\NAB,,,,,,,,,,,,,,,,,
4000039,3,4,1,5030400,,3,,t,,,,sJYB\uvIATn@`iB,,,,,,,,,,,,,,,,,
4000040,3,4,1,5030400,,3,,,,,,a62NAcvBuExXg{A{xXgsAsxXguvBufgjcUiB,,,,,,,,,,,,,,,,,
4000041,3,4,1,5030400,,3,,RS,,,,uM~vA{Y{B]_V`AROZRc`VdB,,,,,,,,,,,,,,,,,
4000042,3,4,1,5030400,,3,,g,,,,^\Ba14N\HBV{qAg{KvNtsB,,,,,,,,,,,,,,,,,
4000043,3,4,1,5030400,,3,,tG,,,,JFYBaXN\BOWXqI`AgAtiB,,,,,,,,,,,,,,,,,
4000044,3,4,1,5030400,,3,,b,,,,c{F`IBa28N\BwhljidBTO`iB,,,,,,,,,,,,,,,,,
4000045,3,4,1,5030400,,3,,Ggx,,,,\q\Ba37`38NBxGgtBGgVAWt]]AKB`iB,,,,,,,,,,,,,,,,,
4000046,3,4,1,5030400,,3,,VNiQ,,,,Ba25NBvNVwA{eCt[NH\绵WBwXB,,,,,,,,,,,,,,,,,
4000047,3,4,1,5030400,,3,,s@l,,,,cqBafiF[lcRBMUBuIr[vB[tB,,,,,,,,,,,,,,,,,
4000048,3,4,1,5030400,,3,,澹,,,,DcVjBa19N\BAcBn{Ap`j[NZB,,,,,,,,,,,,,,,,,
4000049,3,4,1,5030400,,3,,g~,,,,erZBTNuVvv\B`gJ~VkAgB,,,,,,,,,,,,,,,,,
4000050,3,4,1,5030400,,3,,p,,,,a35NAinYBuhAAZVvBSVgm^ZB,,,,,,,,,,,,,,,,,
4000051,3,4,1,5030400,,3,,RL,,,,uZB15NBUxCAAiB`CvCCB,,,,,,,,,,,,,,,,,
4000052,3,4,1,5030400,,3,,,,,,usvBa11NuvB1618smABslh庹nB,,,,,,,,,,,,,,,,,
4000053,3,4,1,5030400,,3,,V,,,,^qWBq34NA^RchhB}_@Aqrn_@B,,,,,,,,,,,,,,,,,
4000054,3,4,1,5030400,,3,,,,,,VvYQxHBAaVACfAZEllBdN[wA`B,,,,,,,,,,,,,,,,,
4000055,3,4,1,5030400,,3,,,,,,HVBSNuwv\BuvArpAslGSCY`iB,,,,,,,,,,,,,,,,,
4000056,3,4,1,5030400,,3,,EG,,,,YB14Nluv\ZAswXiB`LiB,,,,,,,,,,,,,,,,,
4000057,3,4,1,5030400,,3,,ZO,,,,XYBZfijB]|sjAjB,,,,,,,,,,,,,,,,,
4000058,3,4,1,5030400,,3,,,,,,ucvLlgEiB^IEMImg25_AsiZoB,,,,,,,,,,,,,,,,,
4000059,3,4,1,5030400,,3,,qSl,,,,qWBqSllAvSBRqRRqSFASAuqvnB]uvVAZIWyBA_13nZsB,,,,,,,,,,,,,,,,,
4000060,3,4,1,5030400,,3,,xL,,,,jVWNi954jVQNi974j21NLBRBnoAvaAoBAuSAvBuVTvLB,,,,,,,,,,,,,,,,,
4000061,3,4,1,5030400,,3,,A,,,,]YBa23NVABlOCRRlAAj`l]A{`Brp{A20NAtEXA{SBis]B,,,,,,,,,,,,,,,,,
4000062,3,4,1,5030400,,3,,,,,,B{TwB54BRNi1001jMnBO41qOijS13BsB[@i@jAtkRAAHAEjRAZ@AsKijAA[kRAPAI10F\AFSiEjAOB,,,,,,,,,,,,,,,,,
5000004,5,3,3,5050300,,5,,,,,,Bss_RxVYBbRdFAb1985Nia60jL@|YBsNFB,,,,,,,,,,,,,,,,,
4000063,3,4,1,5030400,,3,,aW,,,,{aWB20BIijFEIVE}噻ZPijEpijBNi905jVc13NijB1100B{ARinRjA_@AuRzAROrB,,,,,,,,,,,,,,,,,
4000064,3,4,1,5030400,,3,,W,,,,bWBN@AEEHmsBViChjEkUijE{i{j`b1000]b^BebuvnAu`vIBIbA{@snlE`BsHVuvuvuZ{PNvB,,,,,,,,,,,,,,,,,
4000065,3,4,1,5030400,,3,,L,,,,mBRNi1753jBm\SNi1691jS18TSA`ijLBmAE}EBE\ELB,,,,,,,,,,,,,,,,,
4000066,3,4,1,5030400,,3,,XL,,,,FWLBPBNQNi1059jvvB50ABLALuvB13CAuO{vAue`ij赦vFBAsA{dAANz`B,,,,,,,,,,,,,,,,,
4000067,3,4,1,5030400,,3,,kR,,,,gcDMBAQNi1330jONANMAQNONdA20NOBuTAASAAvLinBma@tA]CijxACA@bTRarijAZABFlijbB,,,,,,,,,,,,,,,,,
4000068,3,4,1,5030400,,3,,,,,,qRLBw\iB`u_vLBNEsBEiNi1177`85jIASI`Bi@tAzB_Z_nAhZgArdcPJAij_ZAEmijFA@BnAsSB,,,,,,,,,,,,,,,,,
4000069,3,4,1,5030400,,3,,L,,,,qMBQNi1212jBIAaBRNi1177jSASNi1180jSAUJsA{aNi1181jQNyQ[AQNi1185jVnkAlZ`BBw\IiB,,,,,,,,,,,,,,,,,
4000070,3,4,1,5030400,,3,,q,,,,[MBSN`QNi993`1000jBVcc@qd{SAIiAiAREzELIieA300]iAsMAlGsAB,,,,,,,,,,,,,,,,,
4000071,3,4,1,5030400,,3,,,,,,^qWB34NsB^xV_AMsA\BinREAWB,,,,,,,,,,,,,,,,,
4000072,3,4,1,5030400,,3,,L,,,,qElLBLSN`Ni1180`1235jBeEishAq{sWA@qjm{jB@rpAsssieLBrpLAAElBiWLAqMB,,,,,,,,,,,,,,,,,
5000001,5,3,1,5050300,,5,,,,,,ATmCsBoOofBTnxBB{gAZEhBB,,,,,,,,,,,,,,,,,
5000002,5,3,2,5050300,,5,,q,,,,^`Bk|Ba7.8Z`Ad1LB_AEEcyDKBHA]gcE@|AB,,,,,,,,,,,,,,,,,
5000003,5,3,4,5050300,,5,,,,,,knRYnBRBBAnRCsHRAPrefBABnYB,,,,,,,,,,,,,,,,,
5000005,5,3,2,5050300,,5,,,,,,50BntBE@EERE@EREExEpEEJZEjZEEEAEEEEEE轵EBA30YB,,,,,,,,,,,,,,,,,
5000006,5,3,4,5050300,,5,,t,,,,|`xHiBBtEtAt@SpB,,,,,,,,,,,,,,,,,
5000007,5,3,1,5050300,,5,,,,,,{E@iEOeBpEE@npAEtE蛾nESAEiHB,,,,,,,,,,,,,,,,,
5000008,5,3,4,5050300,,5,,,,,,A_BgpBAqAXHB,,,,,,,,,,,,,,,,,
5000009,5,3,1,5050300,,5,,Ii,,,,|I_A`zA|B12zHBIDAsHBIB,,,,,,,,,,,,,,,,,
5000010,5,3,4,5050300,,5,,,,,,EEEEEERBiFjhqBRONANi1655-58jnHshqVB1816Ni13jB,,,,,,,,,,,,,,,,,
5000011,5,3,3,5050300,,5,,t,,,,qLE`AV\t~EKAgEKVAJ{`AFBsYBk@B@utvBpB,,,,,,,,,,,,,,,,,
5000012,5,3,2,5050300,,5,,,,,,XCNBstwVlStVtBkrgFJA`BEtzMdBk[DrAQiVRLOjB,,,,,,,,,,,,,,,,,
5000013,5,3,1,5050300,,5,,i,,,,STsCHH@BB1227Ni1j@JcisABGE蛾nEEtAEEBVoHB,,,,,,,,,,,,,,,,,
5000014,5,3,3,5050300,,5,,,,,,ByBYB300NOA_i_EjpnyBRcEdEB_j`BM_AdV^@B,,,,,,,,,,,,,,,,,
5000015,5,3,3,5050300,,5,,,,,,@AzApA^JmcBzE|E1TdBBcNi1865-68jOY{dB,,,,,,,,,,,,,,,,,
5000016,5,3,1,5050300,,5,,^PmR,,,,RR^PmRAFANB@^PmRATrHBA|A^PmRB`AzAJcI^PmRAB,,,,,,,,,,,,,,,,,
5000017,5,3,1,5050300,,5,,,,,,g樽hAAsBg樽EB,,,,,,,,,,,,,,,,,
5000018,5,3,1,5050300,,5,,n,,,,dni殄jgAn_BsZpKvBzE@EEEE@B~JYiB,,,,,,,,,,,,,,,,,
5000019,5,3,1,5050300,,5,,,,,,{yiB@B1663Ni3jF@@JB`BEEEzBlMMHBEqeHDB,,,,,,,,,,,,,,,,,
5000020,5,3,1,5050300,,5,,}c^P,,,,lAYnAOgYB}c^PAyAA}c^PH_BgAtAyBsA}c^Pt|B,,,,,,,,,,,,,,,,,
5000021,5,3,2,5050300,,5,,p,,,,pnYoBADKB90oapBAiHYnB,,,,,,,,,,,,,,,,,
6000016,8,1,1,5080100,19,3,6016,},,,,n}B}xL`LBOgRvnBOg]R`S`AnRB1950Nia25jssB1975Nia50jj[^EJB,,,,,,,,,,,,,,,,,sight/photo/mimon06A/A016.bmp
5000022,5,3,1,5050300,,5,,LE,,,,EELEBsn{BlEEimWAhVApsE噤TOpB1965Nia40j~AVluLEv`B,,,,,,,,,,,,,,,,,
5000023,5,3,1,5050300,,5,,,,,,yzAAHBiBsenESILBETtATqUXBVq@RcB,,,,,,,,,,,,,,,,,
5000024,5,3,1,5050100,,5,,n,,,,蛾nOeHHiBqAVNi1573-92jpBnqpB,,,,,,,,,,,,,,,,,
6000001,8,1,1,5080100,17,3,6001,,,,,EnBqRA@OtBAk@nLB1931Nia6jssBRYp[NEFCBsoX{B,,,,,,,,,,,,,,,,,sight/photo/mimon06A/A001.bmp
6000002,8,1,1,5080100,17,3,6002,R,,,,EAnRBW381.5[gBjBRrAtAHgtLBRcRRVn@BjRABdA}dRB,,,,,,,,,,,,,,,,,sight/photo/mimon06A/A002.bmp
6000003,8,1,1,5080100,8,3,6003,c,,,,OCEREkOoAsBOEOEBcRvAq~HcbZnBKB,,,,,,,,,,,,,,,,,sight/photo/mimon06A/A003.bmp
6000004,8,1,1,5080100,4,3,6004,o_H,,,,knBnknBEo_ZAEo__BnRB1918Ni7jssBsoXo_HB,,,,,,,,,,,,,,,,,sight/photo/mimon06A/A004.bmp
6000005,8,1,1,5080100,7,3,6005,,,,,nBV@BnRBAZsl1NOZB1931Nia6jssBbRdB,,,,,,,,,,,,,,,,,sight/photo/mimon06A/A005.bmp
6000006,8,1,1,5080100,1,3,6006,s,,,,kJ~nRBnssBDnBWunwlAvLnBa30Ni1955`jZXeBbRdsB,,,,,,,,,,,,,,,,,sight/photo/mimon06A/A006.bmp
6000007,8,1,1,5080100,10,3,6007,F,,,,Rq@AOtLnB1160Nii1jAcF_VFij_nNBJRCVRglN_BsoXFB,,,,,,,,,,,,,,,,,sight/photo/mimon06A/A007.bmp
6000008,8,1,1,5080100,3,3,6008,q,,,,kAsS8`9LLnBRxbh^EBJsAcA{A[BVMEqBB1949Nia24jssBsoXq@B,,,,,,,,,,,,,,,,,sight/photo/mimon06A/A008.bmp
6000009,8,1,1,5080100,16,3,6009,`,,,,ESnnB5ISn`LBYVcuZvijNB1931Nia6jssBd`B,,,,,,,,,,,,,,,,,sight/photo/mimon06A/A009.bmp
6000010,8,1,1,5080100,16,3,6010,F,,,,EkqAARzR[nBVnmBFVcVcnRVcB1931Nia6jssBsoXAdFB,,,,,,,,,,,,,,,,,sight/photo/mimon06A/A010.bmp
6000011,8,1,1,5080100,5,3,6011,~P,,,,EkAYoRXi162j_ALWBYn~PBvHckA~PAlAjB1931Nia6jssBJRoXOEkB,,,,,,,,,,,,,,,,,sight/photo/mimon06A/A011.bmp
6000012,8,1,1,5080100,17,3,6012,~,,,,E~{SsXBjAn^lBijjpognhBBw~DBsoX~iB,,,,,,,,,,,,,,,,,sight/photo/mimon06A/A012.bmp
6000013,8,1,1,5080100,12,3,6013,~,,,,m~Bmn\IXnB]AWB1918Ni7jssBaAtsdJ[AHk[^[~iWBsoXm~B,,,,,,,,,,,,,,,,,sight/photo/mimon06A/A013.bmp
6000014,8,1,1,5080100,20,3,6014,,,,,ss[ARnRsnBR~EE~AsBCiOXjX_nNBoCpXN_B,,,,,,,,,,,,,,,,,sight/photo/mimon06A/A014.bmp
6000017,8,1,1,5080100,2,3,6017,,,,,kAksS15LRnBALBqBmE~mn{ARijnnB1949Nia24jssBsoXB,,,,,,,,,,,,,,,,,sight/photo/mimon06A/A017.bmp
6000018,8,1,1,5080100,12,3,6018,,,,,otBBBbR]EN_BXovB,,,,,,,,,,,,,,,,,sight/photo/mimon06A/A018.bmp
6000019,8,1,1,5080100,19,3,6019,,,,,B}AsLnnBkj[^Ei274wN^[A11jJBJynAtRsrDKnB1959Nia34j11ssB,,,,,,,,,,,,,,,,,sight/photo/mimon06A/A019.bmp
6000020,8,1,1,5080100,5,3,6020,,,,,kk[RXi162jRnBkRYSnBcWB1948Nia23jssBARAknBJRoXB,,,,,,,,,,,,,,,,,sight/photo/mimon06A/A020.bmp
6000021,8,1,1,5080100,15,3,6021,,,,,EmaOSLnBAFVcmacJBEmn\B2JqBdB,,,,,,,,,,,,,,,,,sight/photo/mimon06A/A021.bmp
6000022,8,1,1,5080100,16,3,6022,q,,,,E`nBdSRkvBAVcdc@AqUB1931Nia6jssBdqmB,,,,,,,,,,,,,,,,,sight/photo/mimon06A/A022.bmp
6000023,8,1,1,5080100,18,3,6023,j,,,,SZnBjEnBSEijuvtnB1931Nia6jssB20NO}sSB}djB,,,,,,,,,,,,,,,,,sight/photo/mimon06A/A023.bmp
6000024,8,1,1,5080100,11,3,6024,,,,,kV{A{XnBsXAkV{cgcA7NBN4A|EWkBsoXB,,,,,,,,,,,,,,,,,sight/photo/mimon06A/A024.bmp
6000025,8,1,1,5080100,7,3,6025,I,,,,kIBntnBAZnB1918Ni7jssAknk[tByQmBsoXIB,,,,,,,,,,,,,,,,,sight/photo/mimon06A/A025.bmp
6000026,8,1,1,5080100,14,3,6026,,,,,kAHAZA_nnBcH[EAOxAnNBnB1918Ni7jssBJRHEB,,,,,,,,,,,,,,,,,sight/photo/mimon06A/A026.bmp
6000027,8,1,1,5080100,9,3,6027,_,,,,_B_AmAtAkVLnBq_i_jOJA]VWBXSXibNWXBd_lEB,,,,,,,,,,,,,,,,,sight/photo/mimon06A/A027.bmp
6000028,8,1,1,5080100,9,3,6028,_V,,,,_lkAV_gBsRAA_XCBudv`IQnvwB_lEgEucvruvBd_lkB,,,,,,,,,,,,,,,,,sight/photo/mimon06A/A028.bmp
6000029,8,1,1,5080100,7,3,6029,k,,,,EtkLnBZnlwDZB]RzXJWBijYnB1918Ni7jssBsoXkZOB,,,,,,,,,,,,,,,,,sight/photo/mimon06A/A029.bmp
6000030,8,1,1,5080100,11,3,6030,k,,,,kAkV{tnBkBJsVcVnB^kn_WB1587NiV15jLbGgskLBsoXkV{OB,,,,,,,,,,,,,,,,,sight/photo/mimon06A/A030.bmp
6000031,8,1,1,5080100,15,3,6031,},,,,k}RnBZnB@cApB1918Ni7jssB1965`1981Nw]twXBsoXtEkB,,,,,,,,,,,,,,,,,sight/photo/mimon06A/A031.bmp
6000032,8,1,1,5080100,3,3,6032,,,,,qBq~nnBsS6L_ZnBAJiAZXByRyELB1949Nia24jssBbRdB,,,,,,,,,,,,,,,,,sight/photo/mimon06A/A032.bmp
6000033,8,1,1,5080100,1,3,6033,MD,,,,kMDRnBMD_OtVnBijMDBOgYWApnhB1949Nia24jssBbRdMDB,,,,,,,,,,,,,,,,,sight/photo/mimon06A/A033.bmp
6000034,8,1,1,5080100,23,3,6034,,,,,nB]O\DAMAEvnWAUA`B1928Nia3jdSiSjJ\IXXBsoXB,,,,,,,,,,,,,,,,,sight/photo/mimon06A/A034.bmp
6000035,8,1,1,5080100,5,3,6035,,,,,EERnB_QwHAOP[uBs[nBoEmrAxbA^Eqv}nBsoXB,,,,,,,,,,,,,,,,,sight/photo/mimon06A/A035.bmp
6000036,8,1,1,5080100,4,3,6036,_P,,,,kk12`13LAE_PRLnBBCEA]cW[BnNB1949Nia24jssBsoXB,,,,,,,,,,,,,,,,,sight/photo/mimon06A/A036.bmp
6000037,8,1,1,5080100,4,3,6037,n,,,,kncBo_HntAo_BsnXiOgXjBkANvEiEslKB,,,,,,,,,,,,,,,,,sight/photo/mimon06A/A037.bmp
6000038,8,1,1,5080100,20,3,6038,I,,,,uvBRRunnB1931Nia6jssBVZXlWB@BkBsoXCZOB,,,,,,,,,,,,,,,,,sight/photo/mimon06A/A038.bmp
6000039,8,1,1,5080100,8,3,6039,R,,,,RkAssRtnBBnN`BsAXAB1890Ni23j`HA}WBdB,,,,,,,,,,,,,,,,,
6000040,8,1,1,5080100,4,3,6040,,,,,knB]ATE\nnB2RGVc{EaqB|cBZXBsoXB,,,,,,,,,,,,,,,,,sight/photo/mimon06A/A040.bmp
6000041,8,1,1,5080100,12,3,6041,r_,,,,ARz]oBBgcEBuB1600Nic5jOr_r_i@jxnB,,,,,,,,,,,,,,,,,sight/photo/mimon06A/A041.bmp
6000042,8,1,1,5080100,9,3,6042,,,,,RaHHABt`YESnEXHB]XmAZqHoBN8BsoXB,,,,,,,,,,,,,,,,,sight/photo/mimon06B/B004.bmp
6000043,8,1,1,5080100,16,3,6043,@,,,,uvBELAZnB~aVc@E~a@@AR嫖ijRB1931Nia6jssB}d@Ad@B,,,,,,,,,,,,,,,,,sight/photo/mimon06A/A042.bmp
6000044,8,1,1,5080100,17,3,6044,{,,,,EAqRktnBR_QwAumvtW`nB1931Nia6jssA1979Ni54jn50A@udv`IQnvwBnOBsoX{B,,,,,,,,,,,,,,,,,sight/photo/mimon06A/A043.bmp
6000045,8,1,1,5080100,17,3,6045,,,,,E`AjktLLZnBDDAVcA{lDVAsynB1931Nia6jssB1970Nia45jVJ}WBdLB,,,,,,,,,,,,,,,,,sight/photo/mimon06A/A044.bmp
6000046,8,1,1,5080100,12,3,6046,,,,,skptBSAzn体ijgABhAoHmEAB,,,,,,,,,,,,,,,,,sight/photo/mimon06A/A045.bmp
6000047,8,1,1,5080100,9,3,6047,ON,,,,YJBHA}100[gBdv`IQnwByYXnB808Ni3jnJABsoX300[gB,,,,,,,,,,,,,,,,,sight/photo/mimon06A/A046.bmp
6000048,8,1,1,5080100,7,3,6048,PJ,,,,A@PZnBOmE~RAtnBMlR@BmEr|cBsoX{mOB,,,,,,,,,,,,,,,,,sight/photo/mimon06A/A047.bmp
6000049,8,1,1,5080100,13,3,6049,l{,,,,l{_tB1963Nia38j}dsI_B]2sShBfAHXAXXLXB}d{Adl{B,,,,,,,,,,,,,,,,,sight/photo/mimon06A/A048.bmp
6000050,8,1,1,5080100,13,3,6050,l,,,,sXSBsuuvBE}CEeSXAlEEEVeXXWAt@bVAinBd_lA}dAsoXlB,,,,,,,,,,,,,,,,,sight/photo/mimon06A/A049.bmp
6000051,8,1,1,5080100,1,3,6051,,,,,sBssknRnB@cKAs`nBL^cB1949Nia24jssBsoXB,,,,,,,,,,,,,,,,,sight/photo/mimon06A/A050.bmp
6000052,8,1,1,5080100,20,3,6052,l{,,,,RknBRnsBmVc4cqElNeRcnnBaER]vhBdlm{B,,,,,,,,,,,,,,,,,sight/photo/mimon06A/A051.bmp
6000053,8,1,1,5080100,14,3,6053,,,,,V~B{XB86BpA\ABsoX300[gB,,,,,,,,,,,,,,,,,sight/photo/mimon06A/A052.bmp
6000054,8,1,1,5080100,9,3,6054,,,,,RnBBAynnNBTkTnBsoXRB,,,,,,,,,,,,,,,,,sight/photo/mimon06A/A053.bmp
6000055,8,1,1,5080100,7,3,6055,Cw@,,,,kBbRLnBuvBbROVCw@B1925Ni14jbRRJ}JA1931Nia6jssBnCw@{B,,,,,,,,,,,,,,,,,sight/photo/mimon06A/A054.bmp
6000056,8,1,1,5080100,12,3,6056,阙y,,,,驺ynA{nBLbGg1587NiV15jAzsu阙yvA玢yB]si^S~BsoX{EB,,,,,,,,,,,,,,,,,sight/photo/mimon06A/A055.bmp
6000057,8,1,1,5080100,12,3,6057,,,,,r_tBBBr_oRz]ABRzdvAoB,,,,,,,,,,,,,,,,,sight/photo/mimon06A/A056.bmp
6000058,8,1,1,5080100,5,3,6058,,,,,kBsSkk20LRBO_BAlAYnA]i{cnjB1948Nia23jssBJRoXB,,,,,,,,,,,,,,,,,sight/photo/mimon06A/A057.bmp
6000059,8,1,1,5080100,10,3,6059,z,,,,RERRzBS3.5LBRHFRRoCXBFtoBaJzB,,,,,,,,,,,,,,,,,sight/photo/mimon06A/A058.bmp
6000060,8,1,1,5080100,22,3,6060,n,,,,aXi{ZnEHj`tcXnBOlYuWvucnvnNB\nVfA1911Ni44jAdSJnwOXXBdnB,,,,,,,,,,,,,,,,,sight/photo/mimon06A/A059.bmp
6000061,8,1,1,5080100,4,3,6061,,,,,Vn_tBBEVBumFBN_OgvBAkAB,,,,,,,,,,,,,,,,,sight/photo/mimon06A/A060.bmp
6000062,8,1,1,5080100,11,3,6062,R,,,,k[AHsXnBR_nNBRAz_BT^Ix_B1918Ni7jssA}ssBsoXRB,,,,,,,,,,,,,,,,,sight/photo/mimon06A/A061.bmp
6000063,8,1,1,5080100,5,3,6063,Y,,,,E~PBsS15LBYRi428[gjAnBAtAuOvBswgtBkgtGoBsoXYB,,,,,,,,,,,,,,,,,sight/photo/mimon06A/A062.bmp
6000064,8,1,1,5080100,3,3,6064,r,,,,PrEPrSnBr1763Ni13jpB1.8LB1931Nia6jssB1949Nia24jt43[gPrBsoXPrO200[gB,,,,,,,,,,,,,,,,,sight/photo/mimon06A/A063.bmp
6000065,8,1,1,5080100,7,3,6065,c,,,,AnBgcAkAAenBL^ucvnoBnmAswB,,,,,,,,,,,,,,,,,sight/photo/mimon06A/A064.bmp
6000066,8,1,1,5080100,14,3,6066,Og,,,,ssXjnVmzOgnN_BH[XA{H_uvAtOgByOovBAJRRAuOgvwBB,,,,,,,,,,,,,,,,,sight/photo/mimon06A/A065.bmp
6000067,8,1,1,5080100,23,3,6067,Og,,,,RBSEdSwA\swvBOx15[gAKROg~nB1931Nia6jssB,,,,,,,,,,,,,,,,,sight/photo/mimon06A/A066.bmp
6000068,8,1,1,5080100,23,3,6068,,,,,[B\Ni1592\96jAe~\AuvnNB1699Ni\12jAsVWVfBAqhBdB,,,,,,,,,,,,,,,,,sight/photo/mimon06A/A067.bmp
6000069,8,1,1,5080100,12,3,6069,o,,,,oknnBokoABskoAuovBk_BnZA`BsoXoB,,,,,,,,,,,,,,,,,sight/photo/mimon06A/A068.bmp
6000070,8,1,1,5080100,14,3,6070,,,,,Xi171jssB{KtBsn_BvAEEdN_B,,,,,,,,,,,,,,,,,sight/photo/mimon06A/A069.bmp
6000071,8,1,1,5080100,5,3,6071,,,,,E~PnBYijAOijBgtB13IRRnB{iqOjmARecBJRoXmB,,,,,,,,,,,,,,,,,sight/photo/mimon06A/A070.bmp
6000072,8,1,1,5080100,16,3,6072,,,,,EEoZnBVcqEijRnBR@ZBmB1931Nia6jssBsoXVB,,,,,,,,,,,,,,,,,sight/photo/mimon06A/A071.bmp
6000073,8,1,1,5080100,10,3,6073,,,,,RAPk[[FunARBnAnmBRAJ{_RnwBLA4[gBsoXrcB,,,,,,,,,,,,,,,,,sight/photo/mimon06A/A072.bmp
6000074,8,1,1,5080100,5,3,6074,,,,,kkBsS20LARXi162jRWBkAYBkRYnBWnBAB1948Nia23jssBJRoXB,,,,,,,,,,,,,,,,,sight/photo/mimon06A/A073.bmp
6000075,8,1,1,5080100,4,3,6075,,,,,koOgXotBBnAdvB,,,,,,,,,,,,,,,,,sight/photo/mimon06A/A074.bmp
6000076,8,1,1,5080100,20,3,6076,,,,,RER~nuEZnBnkOA1BijAL_nB1931Nia6jssB}sBsoXB,,,,,,,,,,,,,,,,,sight/photo/mimon06A/A075.bmp
6000077,8,1,1,5080100,5,3,6077,,,,,EkAxZnBnkAnBVRuYnSILB1931Nia6jssBsoX{B,,,,,,,,,,,,,,,,,sight/photo/mimon06A/A076.bmp
6000078,8,1,1,5080100,18,3,6078,,,,,E[B^tnB1931Nia6jssAutBAHIWB}dB,,,,,,,,,,,,,,,,,sight/photo/mimon06A/A077.bmp
6000079,8,1,1,5080100,11,3,6079,w,,,,sXnkBkLnBmi1467-77jARARR@Sxt{wznBA@WculvZDZpBn@DAD`H|iEwDILB,,,,,,,,,,,,,,,,,sight/photo/mimon06A/A078.bmp
6000080,8,1,1,5080100,16,3,6080,,,,,EnBkAAoBVci1297-1348j1335Ni2jAos{ciSjnB1931Nia6jssBnS@@JRiRA{jwB,,,,,,,,,,,,,,,,,sight/photo/mimon06A/A079.bmp
6000081,8,1,1,5080100,4,3,6081,J,,,,kkRJBsSk10LRnBssANrA1948Nia23jABikjgsogAAJB_w@ioAZnJBsoXJB,,,,,,,,,,,,,,,,,sight/photo/mimon06A/A080.bmp
6000082,8,1,1,5080100,4,3,6082,X,,,,k6LBRWnAXXYAnBJss6JXAmFBBX3JcA20[gEnBXr5JAprBXAXr_X_B,,,,,,,,,,,,,,,,,sight/photo/mimon06A/A081.bmp
6000083,8,1,1,5080100,7,3,6083,S,,,,cBHo_twXB1331NiO1jAenuasAm8E~SAVcuSvNBsoXSB,,,,,,,,,,,,,,,,,sight/photo/mimon06A/A082.bmp
6000084,8,1,1,5080100,22,3,6084,[,,,,kARLnB@JBlA[nB_nA1907Ni40jR16tcuCBJRAd[B,,,,,,,,,,,,,,,,,sight/photo/mimon06A/A083.bmp
6000085,8,1,1,5080100,16,3,6085,q,,,,EFqBmaAq_SZnB1872Ni5jv38B1931Nia6jssBsoXqB,,,,,,,,,,,,,,,,,sight/photo/mimon06A/A084.bmp
6000086,8,1,1,5080100,22,3,6086,X,,,,A[nX_SnB]IS[BR16tcin1948Nia23jsw|wijBdXAsoXX_OB,,,,,,,,,,,,,,,,,sight/photo/mimon06A/A085.bmp
6000087,8,1,1,5080100,23,3,6087,,,,,BRuLnB{IAvNi1069-74jkrjnRcan`BuvBLbGgzAAonB1929Nia4js{sA2NssB,,,,,,,,,,,,,,,,,sight/photo/mimon06A/A086.bmp
6000088,8,1,1,5080100,13,3,6088,l,,,,AlklnBAXBlk[lAtH2lCIB1670Ni10jHoynB[ni|gK|gjBsoXl200[gB,,,,,,,,,,,,,,,,,sight/photo/mimon06A/A087.bmp
6000089,8,1,1,5080100,5,3,6089,,,,,E~PnBAYijAOijBsLgtBRE1230Ni2juJJkcvAnBJRoXmB,,,,,,,,,,,,,,,,,sight/photo/mimon06A/A088.bmp
6000090,8,1,1,5080100,6,3,6090,,,,,nAkqAnBunAkRonBRARAsRi816juvu@v_B1931Nia6jssB,,,,,,,,,,,,,,,,,sight/photo/mimon06A/A090.bmp
6000091,8,1,1,5080100,18,3,6091,,,,,EnkZnBAn_HXijA`nB1931Nia6jssB}dEB,,,,,,,,,,,,,,,,,sight/photo/mimon06A/A091.bmp
6000092,8,1,1,5080100,20,3,6092,,,,,RknBVqVcnNBnBOXWA1912Ni1jdijJ}nB1931Nia6jssBdB,,,,,,,,,,,,,,,,,sight/photo/mimon06A/A092.bmp
6000093,8,1,1,5080100,5,3,6093,,,,,uvuvBEBRJHJnBsXn10LnA{lBmAVcMqijYnmBRoRB1931Nia6jssBJR3LB,,,,,,,,,,,,,,,,,sight/photo/mimon06A/A093.bmp
6000094,8,1,1,5080100,13,3,6094,p,,,,nBAijBsx_nA]pYnmBpLpAEVg@BWFHnB,,,,,,,,,,,,,,,,,sight/photo/mimon06A/A094.bmp
6000095,8,1,1,5080100,9,3,6095,{,,,,RAl`XB]Ni1661-73jJ{B_i_j`_l{BVNi1751-64jBN4A{|WBsoXlO150[gB,,,,,,,,,,,,,,,,,sight/photo/mimon06B/B005.bmp
6000096,8,1,1,5080100,23,3,6096,,,,,AFijnnBFsAvSBLbGg}zAFHXHAuBLcnw}VZBSB,,,,,,,,,,,,,,,,,sight/photo/mimon06A/A095.bmp
6000097,8,1,1,5080100,4,3,6097,,,,,kDRLnBcAMLB@AkAAB1918Ni7jssBwDHnB,,,,,,,,,,,,,,,,,sight/photo/mimon06A/A096.bmp
6000098,8,1,1,5080100,23,3,6098,R,,,,ARuiW100[g]jnBRA1623Nia9jARQtBNRcnB1931Nia6j4ssBSdROEB,,,,,,,,,,,,,,,,,sight/photo/mimon06A/A097.bmp
6000099,8,1,1,5080100,9,3,6099,,,,,RA_SnBtnnEijZB_SA]WBnA_BsoX_EB,,,,,,,,,,,,,,,,,sight/photo/mimon06A/A098.bmp
6000100,8,1,1,5080100,2,3,6100,,,,,bRX_RWBsS10LZBtAHgtLBp\i672jAClcqwnn`B1949Nia24jssBbRdbRB,,,,,,,,,,,,,,,,,sight/photo/mimon06A/A099.bmp
6000101,8,1,1,5080100,16,3,6101,Rz,,,,EnBLrAAALA`ARBsHEAnRznB1931Nia6jssBsoXRzB,,,,,,,,,,,,,,,,,sight/photo/mimon06A/A100.bmp
6000102,8,1,1,5080100,16,3,6102,Rm,,,,EnBmAV_AlAkrtnBbRiRjB@RmA1931Nia6jAssBdRmB,,,,,,,,,,,,,,,,,sight/photo/mimon06B/B001.bmp
6000103,8,1,1,5080100,23,3,6103,H,,,,[jHEZWnBGgJBE^DABHAqAB1931Nia6jssBsoX{HB,,,,,,,,,,,,,,,,,sight/photo/mimon06B/B002.bmp
6000104,8,1,1,5080100,23,3,6104,,,,,AFEjE3tnBW11[gnBnB^bA{ensghB1957Nia32jssBdB,,,,,,,,,,,,,,,,,sight/photo/mimon06B/B003.bmp
6000105,8,1,1,5010300,13,3,,V,,,,`AO`lAsXBnHBLbGgsOOgBJssXBAfAp`RXAyYXAbJBsoXlAOB,,,,,,,,,,,,,,,,,sight/photo/shise03A/A058.bmp
6000106,8,1,1,5010300,9,3,,N,,,,HA}100[giONjBEl|vA6Ni1917j2NcB,,,,,,,,,,,,,,,,,sight/photo/mimon07A/A068.bmp
7000001,8,2,1,5080200,5,3,7001,R,,,,EkKcSkRBW924[gBOgRnodcuBRM_ARABoR\QIA25.5LB,,,,,,,,,,,,,,,,,sight/photo/mimon07A/A001.bmp
7000002,8,2,1,5080200,10,3,7002,,,,,RRAW196[gBRVNi729-49js@uRBnX]vBRLbGg疴JL_BsqwwHAuvB565iiBsoXR700[gB,,,,,,,,,,,,,,,,,sight/photo/mimon07A/A002.bmp
7000003,8,2,2,5080200,17,3,7003,L,,,,EJkLrjBBS7LBukRvLA]pdv_NBuRBuvALEE3ALsB,,,,,,,,,,,,,,,,,sight/photo/mimon07A/A003.bmp
7000004,8,2,1,5080200,8,3,7004,cR,,,,RRARkRBW180[gB_RARA~qRARABsXnRAAszeRccWBN5JBsoXEdRB,,,,,,,,,,,,,,,,,sight/photo/mimon07A/A004.bmp
7000005,8,2,1,5080200,22,3,7005,R,,,,kARO\Z[RBW232[gBmEmEOmOAe~B_~nAqSQwB,,,,,,,,,,,,,,,,,sight/photo/mimon07A/A005.bmp
7000006,8,2,1,5080200,,3,7006,R,,,,RHRxBW551[gBNi782-806jJn`i@jBRiRjmCmSP咒`AR`BRi]A[RRnCLOR[XB,,,,,,,,,,,,,,,,,sight/photo/mimon07A/A006.bmp
7000007,8,2,2,5080200,23,3,7007,F,,,,is{Bn73.1LAcAFsssFA3_pBX1184Nii3jFwB,,,,,,,,,,,,,,,,,sight/photo/mimon07A/A007.bmp
7000008,8,2,1,5080200,7,3,7008,ZR,,,,kkAW294[gBRnRBdRVLEDRu璐B{uvLBmAR`BRRnuBsoXm{1.3LB,,,,,,,,,,,,,,,,,sight/photo/mimon07A/A008.bmp
7000009,8,2,1,5080200,2,3,7009,],,,,BE]_`A1LBW324[gB1174Ni4jLugLvodvHBAn`nCLOR[XBsoXR2LB,,,,,,,,,,,,,,,,,sight/photo/mimon07A/A009.bmp
7000010,8,2,1,5080200,,3,7010,Vm,,,,TsRAXvnBk9iVjglBW240[gpBthhB1582NiV10jqGRTAVms{\mBsoXVmB,,,,,,,,,,,,,,,,,sight/photo/mimon07A/A010.bmp
7000011,8,2,4,5080200,17,3,7011,@r,@,,,orAP{lHBVc{@cAuvuvBCCABuvvCSlrur]vB,,,,,ESn,,,\,600,,1900,45,,opB,,,sight/photo/mimon07A/A064.bmp
7000012,8,2,3,5080200,2,3,7012,,,,,vAO@tuU@BApuCvB616ON`BTt@uA@BsoXEsoX100[gB,vgY,,606,,,,,,,,,,,,,,sight/photo/mimon07A/A012.bmp
7000014,8,2,3,5080200,2,3,7014,,,,,}@BV@O@wAR3`4[gBti1109N`jefiyjA`BsoXEsoX1LB@FO@@075-744-2531,O@,,,,,075-744-2531,,,,,,,,,,,sight/photo/mimon07A/A065.bmp
7000015,8,2,2,5080200,7,3,7015,H,,,,kAbRCw@{AuBS1.2LBHOi@eBkbRoRHA_BRHAB,,,,,,,,,,,,,,,,,sight/photo/mimon07A/A015.bmp
7000016,8,2,3,5080200,9,3,7016,H,,,,k@@{R@fRHAOBRlGAFlBgtBsoX500[g@@F@075-551-1234,,,605,,R1,075-551-1234,,,,,,,,,,,sight/photo/mimon07A/A016.bmp
7000017,8,2,1,5080200,20,3,7017,HR,,,,RRkJAs{BkRARAAW593[gBuWvrBRHBxRMKwMWBglCVB,,,,,,,,,,,,,,,,,sight/photo/mimon07A/A017.bmp
7000018,8,2,1,5080200,16,3,7018,R,,,,EA{Fa@wRBW165[gBR@Aq@uuqRvBAmatnBRAnL]lBSRR]B,,,,,,,,,,,,,,,,,sight/photo/mimon07A/A018.bmp
7000019,8,2,1,5080200,9,3,7019,R,,,,RRRBW210[gBRERBRA20[gm@BcRvBm@@@RBLB,,,,,,,,,,,,,,,,,sight/photo/mimon07A/A019.bmp
7000020,8,2,2,5080200,18,3,7020,j,,,,LAT~nAs~nsAS114LB986Nia2jVcMVVcVnBA^BjnAAERntB,,,,,,,,,,,,,,,,,sight/photo/mimon07A/A020.bmp
7000021,8,2,3,5080200,14,3,7021,S,,,,bB\yeSfoSgAef[EAvSMD_uNQvvEObBsoXG200[gB,,,,,,,,,,,,,,,,,sight/photo/mimon07A/A021.bmp
7000022,8,2,2,5080200,4,3,7022,,,,,kJAm~o`Ag@jBkV{tAV_A@V_S14L]BApRB,,,,,,,,,,,,,,,,,sight/photo/mimon07A/A022.bmp
7000023,8,2,3,5080200,18,3,7023,T,,,,{akAnogBAq_KcBsoXOE}d300[gB@F@075-871-5016,,,,,R{,075-871-5016,,,,,,,,,,,sight/photo/mimon07A/A023.bmp
7000024,8,2,2,5080200,12,3,7024,ij,,,,s\IBk_EV~xAotAsXnHjBS23LB814NiOm5ju{IvAwjoBBA_iojkAgA@SB,,,,,,,,,,,,,,,,,sight/photo/mimon07A/A024.bmp
7000025,8,2,2,5080200,23,3,7025,,,,,ROdks{AkstBS89LB^hcAWnBRBySB,,,,,,,,,,,,,,,,,sight/photo/mimon07A/A025.bmp
7000026,8,2,1,5080200,15,3,7026,}R,,,,EkkRW200.6[gBij|RBwAnRzn|E}BkRsynBsoXwOkB,,,,,,,,,,,,,,,,,sight/photo/mimon07A/A026.bmp
7000027,8,2,1,5080200,1,3,7027,MDR,,,,nMDRBW699.8[gB[MD_kMDA[_xBmAsyV[YnCJ[BtYMDLB{cMDBbRdMD4LB,,,,,,,,,,,,,,,,,sight/photo/mimon07A/A027.bmp
7000028,8,2,1,5080200,4,3,7028,,,,,sXnkk4LAi{wEjBW450[gBOgslAs]nSBsoXO2.5LB,,,603,,k,,,,,,,,,,,,sight/photo/mimon07A/A028.bmp
7000029,8,2,1,5080200,,3,7029,_,,,,Cw@X_k`lP5L}RBgAsBmiB]HAMRzVJpBsoXCw@B,,,,,,,,,,,,,,,,,sight/photo/mimon07A/A029.bmp
7000030,8,2,3,5080200,5,3,7030,,,,,RR[i12[g1[gjsxBsli903-72jCsnAsBACBsoX5LB,,,,,E,,,,,,,,,,,,sight/photo/mimon07A/A066.bmp
7000031,8,2,1,5080200,20,3,7031,R,,,,RmuB1i{lm{ElcjzssXvBRhCuEFCRRBR[]AHTlB,,,,,,,,,,,,,,,,,sight/photo/mimon07A/A031.bmp
7000032,8,2,1,5080200,1,3,7032,nR,,,,nBW569[gBnAMDEASRVOBABuRvBt_AHgtAnBnVRBbRdnB,,,,,,,,,,,,,,,,,sight/photo/mimon07A/A032.bmp
7000033,8,2,3,5080200,21,3,7033,,,,,oHiAp`BefB`pABsoX100[gBF绗S@@075-571-0025,S@,,607,,RS@,075-571-0025,,,,,,,,,,,sight/photo/mimon07A/A033.bmp
7000034,8,2,1,5080200,2,3,7034,R,,,,sSk20LAB]RBW572[gBbNNC~ODKBRSRwIBR_BsoXB]`oB,,,,,,,,,,,,,,,,,sight/photo/mimon07A/A034.bmp
7000035,8,2,1,5080200,4,3,7035,V~x,,,,k_kAkKcSkRBW895.9[gBBW]ANoRBReiVc1cqjROsB,,,,,,,,,,,,,,,,,sight/photo/mimon07A/A067.bmp
7000036,8,2,3,5080200,12,3,7036,S,,,,sPkB1852Nii5jVcaR\@AcfVcYABVc2AVw@BBVccS{tB@AO]BsoXuO300[gB,,,602,,s,,,,,,,,,,,,sight/photo/mimon07A/A036.bmp
7000037,8,2,4,5080200,5,3,7037,Jr,,,,E~JlHrBJkzAXkrA3.2wN^[BiNi1624-44jpqERp惕Ark190[gB1956Nia31jrEEyoyBsoXYwZO1LB,,,,,,,,,,,,,,,,,sight/photo/mimon07A/A037.bmp
7000038,8,2,2,5080200,7,3,7038,,,,,bR@ERBS9.3LBssti`Ac`ARlkB@BWYBgE_FB,,,,,,,,,,,,,,,,,sight/photo/mimon07A/A038.bmp
7000039,8,2,3,5080200,23,3,7039,p,,,,en`BE[pirjAsEpBipiRjA`opiEjApB@dn200[gBF@075-642-2147,,,,,,075-642-2147,,,,,,,,,,,sight/photo/mimon07A/A039.bmp
7000040,8,2,3,5080200,12,3,7040,,,,,s_BA6LA{pgBgBsAsBsoX{a@O100[gBF_@075-211-0885,_,,602,,LH,075-211-0885,,,,,,,,,,,sight/photo/mimon07A/A040.bmp
7000041,8,2,3,5080200,21,3,7041,,,,,{ijqaTBJct^zRAe_fAuvQ`BB惕BsoXEsoXO@O3.5LBF@075-571-0002,,,60113,,H,075-571-0002,,,,,,,,,,,
7000042,8,2,1,5080200,8,3,7042,R,,,,AW310[gBRAR^@@RBo[qqRBLbGggfBsoXEdR200[gB,,,,,,,,,,,,,,,,,sight/photo/mimon07A/A042.bmp
7000043,8,2,1,5080200,5,3,7043,YR,,,,E~AW428[gB[_gtEYBYRR_^@i{RBkRABsoXYEJRoXRY1.2LB,,,,,,,,,,,,,,,,,sight/photo/mimon07A/A043.bmp
7000044,8,2,2,5080200,14,3,7044,,,,,tAsAEEtARoFlHBS10LA7[gBpq1611Nic16jJBs\AM^BXOwMxBMgDiDj9N_uVtvABjB,,,,,,,,,,,,,,,,,sight/photo/mimon07A/A044.bmp
7000045,8,2,2,5080200,7,3,7045,,,,,kArztRoBS19LBAByijYijB_pAFTFpBdoB,,,,,,,,,,,,,,,,,sight/photo/mimon07A/A045.bmp
7000046,8,2,4,5080200,6,3,7046,恹X,,,,_{a_12wN^[XBjB__EX{ijPnA__pgAnl`BypNXNFKB恹XEE\lKBsoX恹mX_OB,,,,,,,,,,,,,,,,,sight/photo/mimon07A/A046.bmp
7000047,8,2,1,5080200,,3,7047,VR,,,,PSRRBW270[gBjRB1582NiV10jLbGgqGRARGgABesfBEFEj3_]BR_HglBJRRA}dRkB,,,,,,,,,,,,,,,,,sight/photo/mimon07A/A047.bmp
7000048,8,2,2,5080200,22,3,7048,,,,,kAR[sXnA|cBS4LBOxOxIB题PRBEB,,,,,,,,,,,,,,,,,sight/photo/mimon07A/A048.bmp
7000049,8,2,1,5080200,16,3,7049,,,,,EoAW116[gBwBuEuEOuARQBnVcVnAukRvD@tu[Z`Au[B1966Nia41jjIywBsoXouB,,,,,,,,,,,,,,,,,sight/photo/mimon07A/A049.bmp
7000050,8,2,1,5080200,7,3,7050,@,,R,,ARABW474[gBLRBR@RBRlAnkAmBRsRAxRiW466[gjBRA@AN816sRBRiRER]AnCLOR[XBsoXtR4L1B,,,,,,,,,,,,,,,,,sight/photo/mimon07A/A050.bmp
7000051,8,2,1,5080200,2,3,7051,bR,,,,suRBbxAW848.3[gBRO\Zk[BbREkE}BvnEjIyAiBNi782-806jnV@{RBbRdbRP[uswbRhCuoXpB,,,,,,,,,,,,,,,,,sight/photo/mimon07A/A051.bmp
7000052,8,2,1,5080200,,3,7052,RO\Z,,,,s~nk12L36RXB`uQpRvBkBbRERERECw@REtREREREZREkRERE@EgcRE_REPCREEqRETRERE_REcRERE~REyREoREJREREhREREREREEFREREbREERB,,,,,,,,,,,,,,,,,sight/photo/mimon07A/A052.bmp
7000053,8,2,4,5080200,17,3,7053,Lr,,,,oErBEke300[gprB989NiiN1jmRJrArB`BMKrBsoXRz500[gB,,,,,EL,,,,,,,,,,,,sight/photo/mimon07A/A053.bmp
7000054,8,2,3,5080200,23,3,7054,,,,,LbGg{_BNA\BaN@BdAlBSIwBSdROBF{_@075-611-0559,{_,,612,,{O,075-611-0559,,,,,,,,,,,sight/photo/mimon07A/A054.bmp
7000055,8,2,1,5080200,4,3,7055,DR,,,,W112[gA200[gAk100[guBjB]AwninBvAmi1467-1477jwR@SzR}BRDWJBLbGgARiB1931Nia6jAssvRDRBsoXDR100[gB,,,603,,kkM,,,,,,,,,,,,sight/photo/mimon07A/A055.bmp
7000056,8,2,1,5080200,5,3,7056,R,,,,LrkuRBW231[gBRB989NiiN1jmR[nRBRARBRmTEoVEB,,,,,EkR,,,,,,,,,,,,sight/photo/mimon07A/A056.bmp
7000057,8,2,2,5080200,22,3,7057,x,,,,ssXkEEEkBS8.2LBxLBAkAkrpAABHAcB,,,,,,,,,,,,,,,,,sight/photo/mimon07A/A057.bmp
7000058,8,2,1,5080200,,3,7058,||R,,,,sERBW678.9[gBVmVRuBRBnOgW]BoHs_R{Ro`APIB,,,,,,,,,,,,,,,,,sight/photo/mimon07A/A058.bmp
7000059,8,2,2,5080200,4,3,7059,,,_,,_AmBkijB_awAAAo_AkB_B_NB,,,,,,,,,,,,,,,,,sight/photo/mimon07A/A059.bmp
7000060,8,2,4,5080200,6,3,7060,[Dr,,,,k[DrrB1.8LA97841[gA[2[gOArAQVRLOwB龛F`uFrijvBrD[gAnBC75[gwpMdrBsoXEsoX[DrB,,,603,,k[Dr,,,,,,,,,,,,sight/photo/mimon07A/A060.bmp
7000061,8,2,1,5080200,,3,7061,FqR,,,,kRABW971.5[gAssBoBsA{J}oBR{RxsxitBB,,,,,,,,,,,,,,,,,sight/photo/mimon07A/A061.bmp
7000062,8,2,2,5080200,4,3,7062,_,,,,B_E殁SBAOOAAo_BOB,,,,,,,,,,,,,,,,,sight/photo/mimon07A/A062.bmp
7000063,8,2,1,5080200,7,3,7063,gcR,,,,gc_yAW102[gBbRnfwk400[guBugc_A_u_yveBxXBAvnBuOugGvBsoXO500[gB,,,606,,gc_y,,,,,,,,,,,,sight/photo/mimon07A/A063.bmp
7000064,8,2,3,5080200,5,3,1000166,m@@_,@,,,A_rNB@RlAO}_AFY`cBAmulSvr`BLBANA5`6AAIKGYKB,,,,,R400,,,,900,,1630,,,t16:00,,,
7000065,8,2,2,5080200,24,3,7065,Eg,E,,,RcnAVRVNiQQBgAANzijQBik|nEgnj,,,,,,,,,,,,,,,,,sight/photo/mimon07s/s001.bmp
7000066,8,2,3,5080200,24,3,7066,,,,,"25mARlGAlXoBiknj\n\n",,,,,,,,,,,,,,,,,sight/photo/mimon07s/s002.bmp
7000067,8,2,3,5080200,24,3,7067,IW],,,,"RXi162jARn]BAZA|bJRA_I~iB\n\niknj",,,,,,,,,,,,,,,,,sight/photo/mimon07s/s003.bmp
7000068,8,2,2,5080200,24,3,7068,P,,,,ApAj{IciBA^|CglCAV[YAlBikRnj,,,,,,,,,,,,,,,,,sight/photo/mimon07s/s004.bmp
7000069,8,2,4,5080200,24,3,7069,[~i[nEX],[,,,600mAu{[~i[nEXBR]AcRXilXSaBiknj,,,,,,,,,,,,,,,,,sight/photo/mimon07s/s005.bmp
7000070,8,2,2,5080200,24,3,7070,F,,,,knjARnBeW[{uFvBikFnj,,,,,,,,,,,,,,,,,sight/photo/mimon07s/s006.bmp
7000071,8,2,1,5080200,24,3,7071,_R,,,,_ROgRnuW911mRAkR\RBRVRLAYRcAusR200IvwB,,,,,,,,,,,,,,,,,
8000001,8,3,2,5080300,,3,,RD,,,,"jEncGAALMV`D^qBL7`87AMV123111xBZMVDAlBciLMVjv\B{[gBdA}RB@\n\nF\Z^[  TEL 075-861-0302  FAX 075-865-1355\n\n\n\nz[y[W@http://arashiyama-yakatabune.com/\n\n\n\nF}RwDk10\n\n@@@@@RwkDk10\n\n@@@@@JRRwkDk20\n\n\n\n",,,,,DEssRR/kDEssEVmn,,,s,900,,1700,30,"123111\n\nJEq","HtVDiv\jll3,500~iEDEjiA10Elkj","VDiv30j\n\n@D@2l@3,500~\n\n@@@@@1l@1,100~\n\n               il550~j\n\n@Dl@1,100~\n\n          il550~j\n\n@@@@@iZj\n\nDB","\Z^[TEL\\n\nD\B",
8000002,8,3,2,5080300,,3,,,,,,Hiqy|B1]|Ac|A[B_AhA_AehfBsA\I_iB,,,,,,,,,,,,,,,,,
8000003,8,3,2,5080300,,3,,,,,,iB]O}A[IBAEiIBuvAgoB,,,,,,,,,,,,,,,,,
8000004,8,3,2,5080300,,3,,Q,,,,As[B2i3.6[gjOAs10`12L^i16IjBNnZ`BA\AsAAdOAB\\TA@OSB,,,,,,,,,,,,,,,,,
8000006,8,3,2,5080300,,3,,C,,,,CBTEiCB672NAp\VVcwACBCy\tA解~AB16B,,,,,,,,,,,,,,,,,
8000028,8,3,2,5080300,,3,,{,,,,uXv\A{B~iXJBef~[B[qVgBijtBA{B,,,,,,,,,,,,,,,,,
8000007,8,3,2,5080300,,3,,soX,oX,,,"1928Nia3j4JLABsnvZbgAu1lvLb`t[YqAilCBe[}Av20R[XBGR[XBJRswOiGEjOwOoBssoX^cBF@075-672-2100\n\n\n\nhttp://www.kyototeikikanko.gr.jp/",,,,,,075-672-2100,,,,,,,,,,,
8000008,8,3,2,5080300,,3,,,,,,"7`930AssBssAsssBsRi816jAsBu~vAAwJsBoXR[XpB\n\nFss@075-752-7070\n\nz[y[W@http://www.kyokanko.or.jp\n\n",ss,,606,,ss13@s,075-752-0225,,,,,,,,,,,
8000009,8,3,2,5080300,,3,,,,,,]AsXoBBEAv]Z\B1591NiV19jLbGglyzBcEEOgEHEnEEr_BBcEnEr_ncBwJRRAuOgvASuHvB,,,,,,,,,,,,,,,,,
8000010,8,3,2,5080300,,3,,~,,,,"1{`3{AssBssAssB~AtHV[YCAJjJBQCxgA~syBoXR[XpB\n\nFss@075-752-7070\n\nz[y[W@http://www.kyokanko.or.jp\n\n\n\n",,,,,,,,,,,,,,,,,
8000011,8,3,2,5080300,,3,,,,,,]~AnsHS~Bn2~B|cX_@tRCRtAs@p^nB,,,,,,,,,,,,,,,,,
8000012,8,3,2,5080300,,3,,ss,,,,ssATA1950Nia25j@usss@vBssAEss@BRcuv}Gs\[hA@iB,,,,,,,,,,,,,,,,,
8000013,8,3,2,5080300,,3,,,,,,WqBBAB\hdB1870-1925iEjAsYZp{B,,,,,,,,,,,,,,,,,
8000014,8,3,2,5080300,,3,,s@,,,,jIRAsAAq3s1966Nia41j{sBusjIy[u@vBssKpA14njIywA24nnABknlACw@AZRARAAPAOARARAA@AO@AqA_RAAAAtA}AoAA咒RAqRARB,,,,,,,,,,,,,,,,,
8000015,8,3,2,5080300,,3,,O\OJD,,,,8InA10IR@cEnO\OJBss102112DO1BEOiFsjEijEisjERijEOijEiFARjEijEZgijEZpi@AjEvisAjEPijEiTsjBOEciRjB,,,,,,,,,,,,,,,,,
8000016,8,3,2,5080300,,3,,V,,,,`Ag`BApA]OAsE[tBOA{AABVyB,,,,,,,,,,,,,,,,,
8000017,8,3,2,5080300,,3,,,,,,kikjL7JBAkAA_AA@A7JAnc5JBnA_WAJJ_B,,,,,,,,,,,,,,,,,
8000030,8,3,2,5080300,,3,,D,,,,SlNgverQ[AsN35gYAsBVNi1573[92j|gKAA]AqSlB~FAYB,,,,,,,,,,,,,,,,,
10000008,8,5,1,5080500,9,3,1000047,@,@,,,mOBoJ`B,,,,5,R1294,075-551-1234,075-551-1287,,600,,1800,40,,GqI18F30i8`9j," {i{Ej\n\nl@@@400~\n\nw@@400~\n\nZ@@400~\n\nw@@200~\n\nw@@200~\n\nQ\",,sight/photo/mimon10s/s008.bmp
8000018,8,3,2,5080300,,3,,oss,,,,"ss1958NtXaEpA 9ssossiFEFDssjgBsxpBossB{XgiAJOA1959NjAPihCcAMaA1963NjAtBcFiC^AaA1965NjALGtiENCiA1971NjAilaA1974NjAOA_niLVROA1980NjAUOuiNA`AaA1981NjAvni`FRaA1996NjB\n\nAxAuE|pvAuwpEvAuovsssup[gi[VeBgviBAWBsiA1999NjARsigRaA2009NjAsilaA2012NjAtGsixgi`aA2013NjACX^u[sigRaA2013NjArGX`siIXlaA2015NjgB\n\n\n\nossz[y[W\n\n@http://www.city.kyoto.lg.jp/sogo/page/0000067479.html\n\np[gi[VeBz[y[W\n\n@http://www.city.kyoto.lg.jp/sogo/page/0000073198.html\n\n",,,,,ssr{\O488,075-222-3072,075-222-3055,,,,,,,,,,
8000019,8,3,2,5080300,,3,,,,,,AbR[m@O_A]oRzXBArJAgAijAoBAfppAn`B,,,,,,,,,,,,,,,,,
8000020,8,3,2,5080300,,3,,}q,,,,qAqABVAqBssBH}qHu}qvB}qA]1685Ni2j47A1863Niv3j91L^B,,,,,,,,,,,,,,,,,
8000021,8,3,2,5080300,,3,,ERss,,,,ss80N1978Nia53jBuSElXlA@AAaRADnvivjAs[Bss{`wsAXIEsAsDnivVssWwssssOmB,,,,,,,,,,,,,,,,,
8000022,8,3,2,5080300,,3,,m@svc,,,,"@RlsvcR[i[B\n\nLiJj崎oBELB\n\nYPiJjHErYusBe[B\n\nO^LiJjMMAqLeLAlB\n\niJjeGA]`B\n\niOJq\jOsEqvwB\n\nqiJjd30kgA2.5q\n\nZ@oHAZ`B",,,,,R400,,,,900,,1630,,x,"eCACJB\n\nt16:00",,,
8000023,8,3,2,5080300,,3,,,,,,IH\A\HE_BsARHAZcOuZvA嚏{VV\HBl\H_ugvAspuPvB,,,,,,,,,,,,,,,,,
8000024,8,3,2,5080300,,3,,osvc,,,,oBt`7svcBuJvyBuJvLbGgAAVtABNHZnBsoXGtB,,,,,,,,,,,,,,,,,
8000025,8,3,2,5080300,,3,,dCSn,,,,1895Ni28j21AsH[|{sXdBS6.7LsdCSBd`pdBNDoq^B|@H2nB,,,,,,,,,,,,,,,,,
8000026,8,3,2,5080300,,3,,gbR,,S,,"iikJE[Tinxj1991Ni3j4oBJRiRAjp7.3LpAv25B18B1OBsyj1230`2^xB@\n\n\n\nF075-861-7444iSjezT[rX\n\n@iquRvw\n\n\n\nz[y[Wtqk http://www.sagano-kanko.co.jp",,,616-83,9,ssEV,075-861-8511,075-861-3444,"gbRwoAt[\n\n3A5qXy[X",900,,1730,25,"^]F31`1229\n\njxAjjAtxAfvAxAgtAj^]B",gbRERETew,"@@@@@@ci4,11j\n\nl@@620~@540~i560~j\n\n@310~@270~i280~j\n\ncO\Kv\n\n\n\nij4A11cB",POiq{wASs,
8000031,8,3,2,5080300,,3,,bRP[u,P[u,,,"J[uA}XbRP[uS1.3kmB{561mAv9BssDW]yAtAHgtHB15`30u^sB\n\n\n\nbRdbRwk3\n\nF075-781-4338\n\n\n\nz[y[W@http://www.keifuku.co.jp/",,,606-00,3,R12,075-781-4338,,AqBX[vB,,,,9,,,"P[u`P[ub\n\nl@540~\n\n@270~",,
8000032,8,3,2,5080300,,3,,bRVgoX,VgoX,,,"bRUQq^sBbRiK[f~[WAbj`i{P[uj`oXZ^[```^sA^s30u^sBbRt[B\n\n\n\n^sFt`121jB\n\nifvAGAHGZ_CAKOmFBj\n\n\n\n\n\nFoX@Rc@075-581-7189\n\noXz[y[W@http://www.keihanbus.jp\n\nbRsIz[y[W@http://www.hieizan.gr.jp",oX,oX,,,,075-682-2320,,,,,,,,PiTaPaEICOCASnICJ[hp\,"bRt[\n\nlF800~\n\nF400~",,
8000033,8,3,2,5080300,,3,,bR[vEFC,[vEFC,,,"P[uI_bR[vEFC3UyBR10B\n\n\n\nFbRP[ubwk1\n\nF075-781-4338\n\n\n\nz[y[W@http://www.keifuku.co.jp/",,,601-12,3,209,075-781-4338,,AqBX[vB,,,,3,,,"[vEFCb`bR\n\nl@310~\n\n@160~",,
8000035,8,3,2,5080300,,3,,vn,,,,xRIiAnBsss30wBnn`XRIvfIvAPnAQnARnASnyTnwAssvny{sKAzEB,,,,,,,,,,,,,,,,,
8000036,8,3,2,5080300,,3,,,,,,794Ni13jAVcJsAV4.5LAk5.2Lk`AkAHAEA[uBAEHAVvssBHAHATB1869Ni2jJssB,,,,,,,,,,,,,,,,,
8000037,8,3,2,5080300,,3,,,,,,"skzuB1,169[gAk1,394[gAAA{AOLBVcAIss@i@AaajAVcLy@AzuBB_{a@32KkB{aBsoX{B",,,,,,,,,,,,,,,,,
8000038,8,3,2,5080300,,3,,gkiq,,,,iqBFxKnhBAAGqiq@ABBxKChExKYAAgk]B,,,,,,,,,,,,,,,,,
8000039,8,3,2,5080300,,3,,,,,,"T[R16Lijj}2MB400NOpqJHBkJAAAAX_B310113017DB~G~g[D^qBDBJRT600[gBFVDg@0771-22-5846\n\niqTwkk8\n\n@@@@@@gbRTwHoX15\n\n@80\n\nz[y[W@@hozugawakudari.jp\n\nD\n\n3/10`11/30@9F00A10F00A11F00A12F00A13F00A14F00A\n\n@@@@@@15F30\n\n12/1`3/9@ 10F00A11F30A13F00A14F30",VDg,,,,TsP,0771-22-5846,0771-25-1550,"qDs\n\nK",,,,90,"12/29`1/4x\n\n217E97 S_^x\n\n\Jy~","D\n\noD\n\nyjs^sB","l@4,100~\n\nl@2,700~iS`wj\n\n","10\\n\ndbAFAX",
8000040,8,3,2,5080300,,3,,|,,,,"SBqoAqeSBSkASAB\n\n@|@@@@r@o@O@Zp@@@l@@@@@@@I@Z@ON@@@@@\n\n@K@nx@@@@@@G@@@@V@@@@x",,,,,,,,,,,,,,,,,
10000007,8,5,1,5080500,11,3,1000039,kV{@_g,@,,,"{ _^iV_jgAlX[B",,,,2,OHn,075-461-0005,075-461-6556,QKiX[vLBOegpgCLB,500,1800,1800,30,x,10`R5F30`17F30,,,sight/photo/mimon10s/s007.bmp
8000041,8,3,2,5080300,,3,,sJJ,,,,"a40NA111TTJBpsLBAJAzAGAAMdAT{11{NQJBN\JBLB@Fs075-754-0120\n\n\n\nsJJ@S{`T{\n\n@@@@@@@@@@@@@10{`11{\n\n\n\nFs@075-754-0120\n\n\n\nz[y[W@http://www.kobunka.com",,,,,,075-754-0120,,J,900,,1600,,J,,"lPl@800~\n\nPl@400~","l\KvB\n\nci15jAdb\B",
8000043,8,3,2,5080300,,3,,,,,,ABfUCI_AsBefCAHvB@\IBB,,,,,,,,,,,,,,,,,
8000044,8,3,2,5080300,,3,,U,,,,\BK\ApccyiqBUij`B]OKAugplpACpBfUCfVNB,,,,,,,,,,,,,,,,,
8000047,8,3,2,5080300,,3,,O},,,,ssxOAiZ`A]`BG``A61o`BiAcijjO}A1530Ni\3`ji`B40Ns`ADcMM{iR`EjLBiAsiIAMdB,,,,,,,,,,,,,,,,,
8000050,8,3,2,5080300,,3,,Hn,,,,InA2HBs~A\As[WBlHnmB,,,,,,,,,,,,,,,,,
8000051,8,3,2,5080300,,3,,oq,,,,q`BXpA`qAIAqq\MAKBsoqANusvOzAyAldAlAlijgAyA[qqLBalZNACh~K{gpAxOYRij|qzBsRYLOB,,,,,,,,,,,,,,,,,
8000052,8,3,1,5080300,,3,,|^,,,,snX1980Nia55jswnI[vBnXTNK[fAVJh[AAorB2[gAt@bVSHAAX120XBJRsw\B,,,600,,GH,075-365-7520,,,,,,,,,,,sight/photo/shise03A/A096.bmp
8000053,8,3,1,5080300,,3,,sTKF.C.,[,,,"1993NAusi[O`[v25lAusp[vTKvAsvX|[c`[aB\n\nORA`[OgsNu`[J[wPURPLEip[vjxATXNbguTKvARsC[WuRv|wSANGAxgAB\n\n2007V[YAXiAswsTKxAuFootballvuFunvuFamilyvAuFuturevwCLUBiNujBvAusTKF.C.qKYOTO SANGA F.C.rvXB\n\nz[X^WAAssEZZi^jB\n\n\n\nz[y[W@http://www.sanga-fc.jp/\n\n",,,,,s{zsvJ89-1,0774-55-7602,,"CX^hqpXy[XL\n\n[\uLoppivO",,,,,,"sTKe.b.CtH[VZ^[F075-212-9911\n\nip9:00`21:00\n\n@NNnNxj","l@@@@1,540~`6,170~\n\nVjA@@1,330~`6,170~\n\nEE@@770~`6,170~\n\n\n\na25N(1950N)OBwANmFB",[\`PbgA`PbgCvvCKCh,
8000054,8,3,2,5080300,,3,,ssyc,,,,"ssycAus`NAZivOAa31N4{BcI[PXgAuvslXeA28Nn60N}B\n\nsRT[gz[{nACw~[WbNEAh@CU[L~SACqwEyCqwEAtAytAoGeBxNVbNyywA|pssEsuEI[PXgvwX}B\n\n\n\nz[y[W@http://www.kyoto-symphony.jp",,,,1,ssko_H{103,075-222-0331,075-222-0332,,,,,,,,,,
8000055,8,3,2,5080300,,3,,,,,,sBgEREE}EdANAI3{S{BkGAFbRhCuEFCAbhCuEFCAAO@AAnArAAAA_AGAFNwA^@AATA_{A`AA~RAAn_@RGAFR`A@GAFsAA_@GAFRAVA@AoAYAAAmaAJAF[XzXe@RGAFA_APB,,,,,,,,,,,,,,,,,sight/photo/mimon08s/s002.bmp
8000056,8,3,2,5080300,,3,,gt,,,,sgtBNAIsskR11{11{AssEsXn11{11{B@kGAFAbRAO@A@A@AnAMD_ART@A@AA~Ac@GAFNwAAtA^@A@R@AyAiATA_{AyA~RAAAn_AOA@GAF@AxAAAtA@AAma@GAF_AARAS@@ARAoAwA筲@A_A@AARAVAn@i|jAA_AAPA@GAFA{AA@S@B,,,,,,,,,,,,,,,,,sight/photo/mimon08s/s003.bmp
8000057,8,3,2,5080300,2,3,,,,,,"O@C@C@C}@C@C@CyCpIbn@16N7JB\n\nP@@@ij n:ss18\n\nQ@@[x@1,200[g\n\nR@@@15N44ij`16N317ijRSX\n\nS@@27.9xiNoj50xin1,200[gj\n\nT@No@ 120bgi173gj\n\nU@@ PiAJj\n\nV@F@ FE\n\nA(db075-744-3300)B",L,,,,18,,,,,,,,,FsoX@@k10,,,
8000058,8,3,2,5080300,17,3,,R,,,,"nME_AALA[ARyANlXssERC16N3JB\n\nP@ @@Rij\n\n@@n:ssR12is{Rj \n\nQ @[x 1,200[g \n\nR @ 15N34ij`923ij204 \n\nS  35.2xiNoj^44.1xin1200[gj \n\nT No 81.0bgi116gj \n\nU  PiAJ)\n\nV F \n\nARJ(db075-872-1126)B",RJ,,,,R12,075-872-1126,,,,,,,,FiqRwk15AdE}d@R@k5AsoX@R/R@k2,,,
10000001,8,5,1,5080500,8,3,1000307,L_@,@,,,L_BRAaOuvB,,,,3,PJ{mO1,075-771-1351,075-771-1351,,,,,15,x,"QqR\n\nsoX100A32{mOB",,,sight/photo/mimon10s/s001.bmp
10000002,8,5,1,5080500,8,3,1000307,L_@,@,,,L_B_gAaOuvB,,,,3,PJ{mO1,075-771-1351,075-771-1351,,,,,15,x,"QqR\n\nsoX100A32{mOB",,,sight/photo/mimon10s/s002.bmp
10000003,8,5,1,5080500,10,3,1000014,Vg_{@,@,Vg_{,,g_gAuvB,,,,5,R@@O451-1,075-561-3769,075-561-3781,,,,,,,QqR,,,sight/photo/mimon10s/s003.bmp
10000004,8,5,1,5080500,13,3,1000036,b_@,@,,,aOAEObAlB,,,,6,V,075-351-6389,075-351-6389,,,,,15,,Qq7F00`v,,,sight/photo/mimon10s/s004.bmp
10000005,8,5,1,5080500,11,3,1000039,kV{@@,@@,,,s{A{\QBS5[gAA1934Nia9j|PlB,,,,2,OHn,075-461-0005,075-461-6556,QKiX[vLBOegpgCLB,500,1800,1800,30,x,10`R5F30`17F30,,,sight/photo/mimon10s/s005.bmp
10000006,8,5,1,5080500,11,3,1000039,kV{@@,@@,,,{s{A12B,,,,2,OHn,075-461-0005,075-461-6556,QKiX[vLBOegpgCLB,500,1800,1800,30,x,10`R5F30`17F30,,,sight/photo/mimon10s/s006.bmp
10000009,8,5,1,5080500,12,3,1000066,_@,@,,,"_aCCF300CmVVAAuvB{aOij{AB\n\n\n\nz[y[W@http://www.gooujinja.or.jp/",,,,2,G~,075-441-5458,075-414-0255,,600,2100,2100,,,,QqR,,sight/photo/mimon10s/s009.bmp
10000010,8,5,1,5080500,9,3,1000142,T@xV,@,,,"TAJRTtxV疴JBuxvTXNbguMarici(}[`)AAz_iCh_BuxVovAuVxB_BVOsBVEV\B\cvAzQAMLBOZ]pAJ^EvANlX{MB\n\nFVA16N(1547)DcMAMGA\AANCsAN8NA7NCBs{wB",,,,5,RaHl4146,075-561-5556,075-541-6455,,900,1700,1700,10,x,TJAExVQqR,,,sight/photo/mimon10s/s010.bmp
10000011,8,5,1,5080500,8,3,1000307,L_@,@,,,L_B_Afj^AzwLx_bAaOuvB,,,,3,PJ{mO1,075-771-1351,075-771-1351,,,,,15,x,"QqR\n\nsoX100A32{mOB",,,sight/photo/mimon10s/s011.bmp
10000012,8,5,1,5080500,8,3,1000307,gL_@,@,,,gL_BgbR_AbRAuvB,,,,3,PJ{mO1,075-771-1351,075-771-1351,,,,,15,x,"QqR\n\nsoX100A32{mOB",,,sight/photo/mimon10s/s012.bmp
10000013,8,5,1,5080500,22,3,1000198,@崤,@,,,S_{{A__g提B,,,,9,[V68,075-641-7331,,"\n\n{aQq\",,,,30,x,"QqR\n\nEAA^7:00`18:00\n\n@@@F@8:30`16:30",RQqsvB,,sight/photo/mimon10s/s013.bmp
10000014,8,5,1,5080500,17,3,1000214,@@,@,,,{OAB{AFNNENB,,,,11,RR16,075-861-0069,861-1830,,900,1700,1700,10,x,,,,sight/photo/mimon10s/s014.bmp
10000015,8,5,1,5080500,17,3,1000214,@@,@,,,{OAB{AFNNENB,,,,11,RR16,075-861-0069,075-861-1830,,900,1700,1700,10,x,,,,sight/photo/mimon10s/s015.bmp
10000016,8,5,1,5080500,3,3,1000221,O{@,@,,,_gABGnB,,,,3,O22,075-781-5003,075-781-5003,qKv,,,,,x,QqR,,,sight/photo/mimon10s/s016.bmp
10000017,8,5,1,5080500,9,3,1000227,{@,@,,,{V{AsA1767Nia4jB,,,,5,RHV70,075-561-5127,075-532-2036,,,,,,,QqR,,,sight/photo/mimon10s/s017.bmp
10000018,8,5,1,5080500,19,3,1000025,_@_,@,,,"t_gA_O_B\n\n\n\n@soX@swOt@k10\n\n@}oX65  }t@k10\n\n@soXoX@t@k10\n\n@n\n\n@jw 2\n\n\n\n@oX@2000~^p@400~",,,610-11,,t1152,075-331-0014,075-332-1977,,,,,,,IQqR,,,sight/photo/mimon10s/s018.bmp
11000001,8,6,1,5080600,70,3,,r1,,,,E~mnAJH@AUAnRzBAua30[g]AAS8.3[gA4[gA2.8[gA3.7[gA6I~zs~Bsso^jB,,,,8,ER12-1,,,,,,,,,E{Bw]ssAB,,"ss@\n\n075-366-1498",sight/photo/mimon11s/s001.bmp
11000002,8,6,1,5080600,17,3,,b,,b,,RA~nA|sBa38mAu5.5m~BJBv殁KJBsSB,,,,8,Eb18-2,075-861-2846,,\,,,,,,,,,sight/photo/mimon11s/s002.bmp
11000003,8,6,1,5080600,17,3,1000150,b,,,,orLrAciLBcK~_B6A7bB_cAsoASLnB,,,,8,Ekmt,,,s,,,,,,Fssi075-366-1498j,,,
11000004,8,6,1,5080600,18,3,,Vcm,,,,sO~AS83[gBci794Nj400NO4IIA1600NOB`OLAij`AzOBjEnLBuVcmvA]Vci850NjRA`OcWVcBwjB,,,,11,mz,,,OBusB,,,,,x,Fssi075-366-1498j,wR,,sight/photo/mimon11s/s004.bmp
11000005,8,6,1,5080600,19,3,,7y10,710,,,QA6I7IOzQW30mFBj[^E11@A7102BwAwAwBsso^jB,,,,11,}k4-2,,,s,,,,,,Fssi075-366-1498j,R,,sight/photo/mimon11s/s005.bmp
11000006,8,6,1,5080600,16,3,,,,,,s{ASILKA7IzlO~B`@DxyZpnn`hAIiLjnAcSB`NXByAcA~S17.8[gA6.8[gA3.9[gA25.8uBARBwjB,,,,8,E`e,,,s,,,,,,Fssi075-366-1498j,,wss,sight/photo/mimon11s/s006.bmp
7000013,8,2,1,5080200,3,3,7013,qR,,,,ETmAijjkuARBYRERBW296[gB[LAk[BR[MlBnBuqSlvnWRBdR1LB,,,,,,,,,,,,,,,,,sight/photo/mimon07A/A013.bmp
